City_ID,City,Country,Date,Lat,Lng,Temp,Min Temp,Max Temp,Current Description,Current Details,Humidity,Cloudiness,Wind Speed
0,Qaqortoq,GL,2021-03-11 10:22:19,60.7167,-46.0333,21.2,21.2,21.2,Clouds,broken clouds,58,75,4.61
1,Albany,US,2021-03-11 10:20:39,42.6001,-73.9662,39.31,36.0,42.8,Clouds,overcast clouds,87,90,12.66
2,Vaini,TO,2021-03-11 10:22:19,-21.2,-175.2,77.0,77.0,77.0,Rain,light rain,73,40,5.75
3,Punta Arenas,CL,2021-03-11 10:19:47,-53.15,-70.9167,41.0,41.0,41.0,Rain,light rain,75,40,20.71
4,Bluff,NZ,2021-03-11 10:22:20,-46.6,168.3333,48.99,48.99,48.99,Clear,clear sky,78,0,6.11
5,Leh,IN,2021-03-11 10:22:20,34.1667,77.5833,33.31,33.31,33.31,Clouds,overcast clouds,28,93,5.03
6,Canton,CN,2021-03-11 10:18:44,23.1167,113.25,79.45,77.0,82.0,Clouds,broken clouds,61,75,2.24
7,La Tuque,CA,2021-03-11 10:22:21,47.4334,-72.7824,41.0,41.0,41.0,Clouds,overcast clouds,60,100,5.75
8,Upernavik,GL,2021-03-11 10:22:21,72.7868,-56.1549,6.48,6.48,6.48,Clouds,overcast clouds,85,100,3.18
9,Norman Wells,CA,2021-03-11 10:22:22,65.282,-126.8329,14.0,14.0,14.0,Clouds,broken clouds,67,75,4.61
10,Olafsvik,IS,2021-03-11 10:22:22,64.8945,-23.7142,24.87,24.87,24.87,Snow,light snow,66,93,17.74
11,Jamestown,US,2021-03-11 10:17:36,42.097,-79.2353,52.66,50.0,54.0,Clouds,few clouds,37,20,13.56
12,Port Elizabeth,ZA,2021-03-11 10:22:22,-33.918,25.5701,64.4,64.4,64.4,Rain,light rain,94,90,9.22
13,Kodiak,US,2021-03-11 10:22:23,57.79,-152.4072,23.0,23.0,23.0,Clear,clear sky,46,1,33.38
14,Leirvik,NO,2021-03-11 10:22:23,59.7798,5.5005,42.94,41.0,44.01,Rain,light rain,87,75,18.41
15,Fortuna,US,2021-03-11 10:22:23,40.5982,-124.1573,36.41,35.6,37.99,Clouds,overcast clouds,93,90,9.22
16,Naze,JP,2021-03-11 10:22:24,28.3667,129.4833,66.2,66.2,66.2,Clouds,broken clouds,72,75,17.27
17,Mar Del Plata,AR,2021-03-11 10:22:09,-38.0023,-57.5575,66.74,66.0,68.0,Rain,light rain,94,0,6.91
18,Ushuaia,AR,2021-03-11 10:19:13,-54.8,-68.3,35.6,35.6,35.6,Snow,sleet,87,90,5.75
19,Rikitea,PF,2021-03-11 10:22:24,-23.1203,-134.9692,78.37,78.37,78.37,Clear,clear sky,74,3,17.13
20,Bredasdorp,ZA,2021-03-11 10:22:25,-34.5322,20.0403,73.4,73.4,73.4,Clouds,broken clouds,49,79,11.5
21,Cabo San Lucas,MX,2021-03-11 10:22:25,22.8909,-109.9124,61.5,61.0,62.01,Clouds,broken clouds,72,51,1.99
22,Bantogon,PH,2021-03-11 10:22:26,6.5333,124.0333,76.64,76.64,76.64,Rain,light rain,86,100,4.03
23,Pervomayskoye,RU,2021-03-11 10:22:26,43.919,46.7102,33.69,33.69,33.69,Clouds,overcast clouds,54,100,17.83
24,Walvis Bay,NA,2021-03-11 10:22:26,-22.9575,14.5053,69.8,69.8,69.8,Clear,clear sky,64,0,11.5
25,Arraial Do Cabo,BR,2021-03-11 10:22:27,-22.9661,-42.0278,71.15,68.0,73.4,Clouds,overcast clouds,88,100,2.51
26,Manokwari,ID,2021-03-11 10:22:27,-0.8667,134.0833,80.71,80.71,80.71,Clouds,scattered clouds,80,32,5.03
27,Torbay,CA,2021-03-11 10:22:27,47.6666,-52.7314,28.26,26.01,30.0,Clouds,scattered clouds,86,40,18.41
28,Buritis,BR,2021-03-11 10:22:28,-15.6178,-46.4233,70.36,70.36,70.36,Clouds,overcast clouds,91,94,2.01
29,Hasaki,JP,2021-03-11 10:22:28,35.7333,140.8333,46.4,46.4,46.4,Clouds,few clouds,76,20,4.61
30,Fort Nelson,CA,2021-03-11 10:22:28,58.8053,-122.7002,10.4,10.4,10.4,Clouds,broken clouds,56,75,5.75
31,Saint-Philippe,RE,2021-03-11 10:22:28,-21.3585,55.7679,79.9,70.0,86.0,Clear,clear sky,54,0,23.02
32,Venissieux,FR,2021-03-11 10:22:29,45.7025,4.8715,55.35,53.6,57.0,Clear,clear sky,50,0,17.27
33,Yeppoon,AU,2021-03-11 10:22:29,-23.1333,150.7333,78.8,78.8,78.8,Clouds,overcast clouds,65,85,6.91
34,Barrow,US,2021-03-11 10:22:29,71.2906,-156.7887,-9.4,-9.4,-9.4,Clear,clear sky,70,1,16.11
35,Esperance,AU,2021-03-11 10:22:30,-33.8667,121.9,73.4,73.4,73.4,Rain,light rain,73,100,4.61
36,Alamosa,US,2021-03-11 10:22:30,37.4695,-105.87,15.8,15.8,15.8,Clear,clear sky,73,1,6.91
37,Cascioarele,RO,2021-03-11 10:22:30,44.1261,26.4697,32.0,32.0,32.0,Clear,clear sky,74,0,8.05
38,Hermanus,ZA,2021-03-11 10:22:31,-34.4187,19.2345,73.0,73.0,73.0,Clouds,overcast clouds,58,100,5.99
39,Port Blair,IN,2021-03-11 10:22:31,11.6667,92.75,86.0,86.0,86.0,Haze,haze,70,20,10.36
40,Mataura,NZ,2021-03-11 10:22:31,-46.1927,168.8643,48.99,48.99,48.99,Clear,clear sky,78,1,1.1
41,Poso,ID,2021-03-11 10:19:26,-1.3959,120.7524,79.95,79.95,79.95,Rain,moderate rain,85,99,1.34
42,Fredericksburg,US,2021-03-11 10:22:32,38.3032,-77.4605,52.25,51.01,53.6,Clear,clear sky,47,1,4.61
43,Yellowknife,CA,2021-03-11 10:22:32,62.456,-114.3525,-19.07,-20.2,-18.0,Clouds,scattered clouds,83,40,6.91
44,Vardo,NO,2021-03-11 10:22:33,70.3705,31.1107,10.4,10.4,10.4,Snow,heavy snow,85,20,43.73
45,Hobart,AU,2021-03-11 10:18:10,-42.8794,147.3294,60.6,57.99,62.6,Clouds,overcast clouds,88,91,12.66
46,Nikolskoye,RU,2021-03-11 10:22:33,59.7035,30.7861,16.29,15.8,17.01,Snow,light snow,62,75,13.42
47,Mitsamiouli,KM,2021-03-11 10:22:33,-11.3847,43.2844,87.8,87.8,87.8,Clouds,few clouds,70,20,13.8
48,Butaritari,KI,2021-03-11 10:22:34,3.0707,172.7902,81.21,81.21,81.21,Rain,light rain,78,89,10.98
49,Awjilah,LY,2021-03-11 10:22:34,29.1081,21.2869,73.38,73.38,73.38,Clouds,overcast clouds,31,89,13.71
50,Stephenville Crossing,CA,2021-03-11 10:22:34,48.5,-58.4318,23.0,23.0,23.0,Clouds,scattered clouds,93,40,3.44
51,Los Llanos De Aridane,ES,2021-03-11 10:22:35,28.6585,-17.9182,62.42,60.01,66.2,Clouds,broken clouds,59,75,14.97
52,Souillac,MU,2021-03-11 10:22:35,-20.5167,57.5167,86.0,86.0,86.0,Clouds,scattered clouds,54,40,12.66
53,Severo-Kurilsk,RU,2021-03-11 10:22:35,50.6789,156.125,30.25,30.25,30.25,Snow,light snow,97,99,9.44
54,Cody,US,2021-03-11 10:22:36,44.5263,-109.0565,26.55,26.01,27.0,Snow,light snow,93,90,5.75
55,Talnakh,RU,2021-03-11 10:22:36,69.4865,88.3972,-24.34,-24.34,-24.34,Clouds,overcast clouds,96,90,5.39
56,Cortez,US,2021-03-11 10:22:36,37.3489,-108.5859,23.0,23.0,23.0,Clouds,scattered clouds,63,40,5.75
57,Avarua,CK,2021-03-11 10:18:10,-21.2078,-159.775,77.0,77.0,77.0,Clouds,broken clouds,94,75,2.3
58,Cape Town,ZA,2021-03-11 10:18:16,-33.9258,18.4232,71.85,69.01,73.4,Clouds,few clouds,46,20,5.75
59,Kahului,US,2021-03-11 10:22:37,20.8947,-156.47,67.08,66.0,68.0,Clear,clear sky,88,1,4.61
60,Howard Springs,AU,2021-03-11 10:22:37,-12.497,131.047,81.41,80.01,82.4,Clouds,broken clouds,78,75,4.61
61,Anadyr,RU,2021-03-11 10:22:38,64.75,177.4833,-23.35,-23.8,-23.01,Clear,clear sky,69,0,4.47
62,Puerto Ayora,EC,2021-03-11 10:22:38,-0.7393,-90.3518,73.0,73.0,73.0,Rain,light rain,98,99,1.01
63,San Cristobal,VE,2021-03-11 10:22:38,7.7669,-72.225,65.08,65.08,65.08,Clouds,overcast clouds,93,99,2.17
64,Aklavik,CA,2021-03-11 10:22:39,68.2191,-135.0107,11.26,10.4,12.2,Snow,light snow,92,100,6.91
65,Okhotsk,RU,2021-03-11 10:22:39,59.3833,143.3,2.61,2.61,2.61,Clouds,overcast clouds,93,100,3.58
66,Cidreira,BR,2021-03-11 10:22:40,-30.1811,-50.2056,65.01,65.01,65.01,Clouds,few clouds,90,24,8.75
67,Yar-Sale,RU,2021-03-11 10:22:40,66.8333,70.8333,-20.15,-20.15,-20.15,Clear,clear sky,94,1,10.0
68,Paamiut,GL,2021-03-11 10:22:40,61.994,-49.6678,19.2,19.2,19.2,Snow,light snow,83,100,5.57
69,Lata,PT,2021-03-11 10:22:41,40.1629,-8.3327,57.36,55.0,60.01,Clouds,overcast clouds,60,100,4.0
70,Chokurdakh,RU,2021-03-11 10:22:41,70.6333,147.9167,-17.12,-17.12,-17.12,Clouds,overcast clouds,89,100,6.67
71,Gombong,ID,2021-03-11 10:22:41,-7.6072,109.5142,82.63,82.63,82.63,Rain,heavy intensity rain,81,97,2.82
72,Riyadh,SA,2021-03-11 10:19:17,24.6877,46.7219,84.2,84.2,84.2,Clear,clear sky,10,0,14.97
73,Cherskiy,RU,2021-03-11 10:22:42,68.75,161.3,-10.07,-10.07,-10.07,Clouds,overcast clouds,83,87,9.55
74,Bilma,NE,2021-03-11 10:22:42,18.6853,12.9164,97.03,97.03,97.03,Clouds,broken clouds,4,78,15.43
75,Chipata,ZM,2021-03-11 10:22:42,-13.6333,32.65,79.11,79.11,79.11,Rain,light rain,66,85,3.98
76,Slave Lake,CA,2021-03-11 10:22:43,55.2834,-114.769,-7.6,-7.6,-7.6,Clear,clear sky,84,1,3.44
77,Sebrovo,RU,2021-03-11 10:22:43,50.0981,43.2976,10.99,10.99,10.99,Clear,clear sky,57,0,13.0
78,Fukue,JP,2021-03-11 10:22:44,32.6881,128.8419,59.0,59.0,59.0,Rain,light rain,72,75,3.44
79,Tuktoyaktuk,CA,2021-03-11 10:22:44,69.4541,-133.0374,10.13,10.13,10.13,Snow,light snow,93,100,12.73
80,Sabinas Hidalgo,MX,2021-03-11 10:17:58,26.5,-100.1667,63.1,63.1,63.1,Clouds,few clouds,87,20,2.89
81,Seoul,KR,2021-03-11 10:20:00,37.5683,126.9778,54.1,50.0,57.2,Clouds,overcast clouds,40,100,4.61
82,Canico,PT,2021-03-11 10:22:45,32.6333,-16.85,57.22,51.01,61.0,Clouds,scattered clouds,67,40,11.5
83,Atuona,PF,2021-03-11 10:18:55,-9.8,-139.0333,78.96,78.96,78.96,Clouds,overcast clouds,71,94,12.82
84,Geraldton,AU,2021-03-11 10:22:45,-28.7667,114.6,78.8,78.8,78.8,Clouds,overcast clouds,69,100,16.11
85,Eureka,US,2021-03-11 10:22:45,40.8021,-124.1637,36.0,36.0,36.0,Clouds,few clouds,95,13,5.21
86,Sao Filipe,CV,2021-03-11 10:22:46,14.8961,-24.4956,69.57,69.57,69.57,Clouds,overcast clouds,72,100,12.53
87,Gweta,BW,2021-03-11 10:22:46,-20.1833,25.2333,92.7,92.7,92.7,Clear,clear sky,24,1,1.88
88,Bayan,CN,2021-03-11 10:22:46,46.0833,127.4,29.07,29.07,29.07,Clouds,overcast clouds,96,99,4.29
89,Kilindoni,TZ,2021-03-11 10:22:47,-7.9139,39.6668,83.3,83.3,83.3,Clouds,scattered clouds,68,47,10.47
90,Siguiri,GN,2021-03-11 10:22:47,11.6667,-9.5,92.05,92.05,92.05,Clear,clear sky,12,0,2.33
91,Saint-Georges,GD,2021-03-11 10:22:48,12.0564,-61.7485,77.0,77.0,77.0,Clouds,few clouds,78,20,11.5
92,Mayya,RU,2021-03-11 10:22:48,61.7333,130.2811,1.4,1.4,1.4,Clear,clear sky,71,0,4.47
93,Mahebourg,MU,2021-03-11 10:22:48,-20.4081,57.7,86.0,86.0,86.0,Clouds,scattered clouds,54,40,12.66
94,Provideniya,RU,2021-03-11 10:22:49,64.3833,-173.3,-9.27,-9.27,-9.27,Clear,clear sky,74,8,3.53
95,Khatanga,RU,2021-03-11 10:22:49,71.9667,102.5,-13.23,-13.23,-13.23,Snow,light snow,93,100,21.97
96,Gerede,TR,2021-03-11 10:22:50,40.8008,32.1969,32.07,32.07,32.07,Snow,light snow,99,100,4.32
97,Saint-Leu,RE,2021-03-11 10:22:50,-21.15,55.2833,79.95,70.0,86.0,Clear,clear sky,54,0,23.02
98,San Quintin,MX,2021-03-11 10:22:50,30.4833,-115.95,53.51,53.51,53.51,Clear,clear sky,71,2,8.7
99,Beberibe,BR,2021-03-11 10:22:51,-4.1797,-38.1306,79.59,78.8,80.01,Clouds,scattered clouds,89,40,9.22
100,Miri,MY,2021-03-11 10:22:51,4.4148,114.0089,81.27,80.6,82.0,Clouds,scattered clouds,89,40,6.91
101,Nizhniy Tsasuchey,RU,2021-03-11 10:22:52,50.5167,115.1333,25.36,25.36,25.36,Clear,clear sky,85,0,3.47
102,Phan Thiet,VN,2021-03-11 10:22:52,10.9333,108.1,82.85,82.85,82.85,Clear,clear sky,65,0,23.35
103,Ucluelet,CA,2021-03-11 10:22:52,48.9329,-125.5528,30.13,28.0,32.0,Clear,clear sky,96,0,4.79
104,Dikson,RU,2021-03-11 10:22:53,73.5069,80.5464,-8.7,-8.7,-8.7,Clouds,overcast clouds,93,100,22.55
105,Suntar,RU,2021-03-11 10:22:53,62.1444,117.6319,11.95,11.95,11.95,Clouds,overcast clouds,89,100,4.54
106,Mailsi,PK,2021-03-11 10:22:53,29.8003,72.1758,97.92,97.92,97.92,Clear,clear sky,8,0,11.56
107,Carnarvon,AU,2021-03-11 10:22:54,-24.8667,113.6333,82.4,82.4,82.4,Clear,clear sky,74,0,13.8
108,Shelopugino,RU,2021-03-11 10:22:54,51.6514,117.5599,23.4,23.4,23.4,Clear,clear sky,87,0,2.01
109,Busselton,AU,2021-03-11 10:22:54,-33.65,115.3333,71.01,71.01,71.01,Clouds,overcast clouds,91,100,1.99
110,Coquimbo,CL,2021-03-11 10:22:55,-29.9533,-71.3436,60.8,60.8,60.8,Clouds,overcast clouds,88,90,2.3
111,Georgetown,MY,2021-03-11 10:20:49,5.4112,100.3354,88.23,87.01,89.6,Clouds,few clouds,58,20,2.3
112,Alice Springs,AU,2021-03-11 10:22:55,-23.7,133.8833,84.11,80.6,87.01,Clouds,overcast clouds,61,98,6.91
113,Port Alfred,ZA,2021-03-11 10:22:56,-33.5906,26.891,69.01,69.01,69.01,Rain,light rain,94,100,3.0
114,Ancud,CL,2021-03-11 10:22:56,-41.8697,-73.8203,48.76,46.0,53.01,Clouds,few clouds,100,20,5.75
115,Victoria,HK,2021-03-11 10:19:53,22.2855,114.1577,70.99,64.0,73.0,Clear,clear sky,78,9,1.01
116,Hithadhoo,MV,2021-03-11 10:22:56,-0.6,73.0833,81.63,81.63,81.63,Clouds,few clouds,69,24,9.26
117,Hamilton,US,2021-03-11 10:18:59,39.1834,-84.5333,62.46,62.01,63.0,Clouds,overcast clouds,48,90,13.8
118,New Norfolk,AU,2021-03-11 10:22:57,-42.7826,147.0587,60.17,57.99,62.6,Clouds,overcast clouds,88,93,12.66
119,Millington,US,2021-03-11 10:22:57,35.3415,-89.8973,64.33,63.0,66.0,Clouds,overcast clouds,72,90,12.66
120,Naryan-Mar,RU,2021-03-11 10:22:58,67.6713,53.087,14.65,14.65,14.65,Clouds,overcast clouds,89,100,15.99
121,Kampot,KH,2021-03-11 10:22:58,10.6167,104.1833,85.24,84.2,86.0,Clouds,few clouds,62,20,9.22
122,Sauce,UY,2021-03-11 10:22:58,-34.6469,-56.0628,61.79,60.8,62.6,Clear,clear sky,94,0,8.05
123,Faanui,PF,2021-03-11 10:22:59,-16.4833,-151.75,81.79,81.79,81.79,Rain,light rain,77,0,12.37
124,The Pas,CA,2021-03-11 10:22:59,53.8251,-101.2541,1.4,1.4,1.4,Clear,clear sky,71,1,8.05
125,Alofi,NU,2021-03-11 10:20:11,-19.0595,-169.9187,68.0,68.0,68.0,Clouds,overcast clouds,100,90,1.14
126,Rocha,UY,2021-03-11 10:22:59,-34.4833,-54.3333,58.32,58.32,58.32,Clouds,few clouds,92,19,4.32
127,Henties Bay,NA,2021-03-11 10:23:00,-22.116,14.2845,73.04,73.04,73.04,Clear,clear sky,64,0,9.13
128,Noyabrsk,RU,2021-03-11 10:23:00,63.1994,75.4507,-13.95,-13.95,-13.95,Clouds,broken clouds,90,68,9.55
129,Cairns,AU,2021-03-11 10:23:00,-16.9167,145.7667,79.79,79.0,80.6,Clouds,few clouds,74,12,8.05
130,Katsuura,JP,2021-03-11 10:23:01,35.1333,140.3,54.19,53.01,55.4,Clouds,scattered clouds,67,40,11.5
131,Tinskoy,RU,2021-03-11 10:23:01,56.1525,96.9161,37.09,37.09,37.09,Clouds,overcast clouds,86,100,7.94
132,Lebu,CL,2021-03-11 10:23:01,-37.6167,-73.65,53.44,53.44,53.44,Clear,clear sky,87,0,6.91
133,Pacifica,US,2021-03-11 10:23:02,37.6138,-122.4869,41.29,39.99,42.01,Clouds,scattered clouds,87,40,5.75
134,Tezu,IN,2021-03-11 10:23:02,27.9167,96.1667,84.22,84.22,84.22,Clouds,overcast clouds,28,87,3.74
135,Makubetsu,JP,2021-03-11 10:23:02,45.3714,141.8211,33.8,33.8,33.8,Clear,clear sky,69,0,6.91
136,Challapata,BO,2021-03-11 10:23:03,-18.9,-66.7667,44.38,44.38,44.38,Clouds,broken clouds,73,54,1.28
137,Castro,BR,2021-03-11 10:23:03,-24.7911,-50.0119,58.03,58.03,58.03,Clear,clear sky,95,1,2.42
138,Fussen,DE,2021-03-11 10:23:04,47.8739,12.1695,45.97,44.01,48.0,Clouds,overcast clouds,31,100,6.96
139,Xuanhua,CN,2021-03-11 10:23:04,40.6103,115.0447,54.81,54.81,54.81,Clouds,few clouds,59,21,10.94
140,Byron Bay,AU,2021-03-11 10:23:01,-28.65,153.6167,68.59,68.0,69.8,Clouds,overcast clouds,94,90,1.14
141,Yerbogachen,RU,2021-03-11 10:23:04,61.2767,108.0108,20.95,20.95,20.95,Snow,light snow,94,100,9.04
142,Dingle,PH,2021-03-11 10:23:05,10.9995,122.6711,74.57,74.57,74.57,Rain,light rain,95,100,11.18
143,Kavieng,PG,2021-03-11 10:23:05,-2.5744,150.7967,83.01,83.01,83.01,Clouds,broken clouds,64,80,5.28
144,Vila Velha,BR,2021-03-11 10:18:07,-20.3297,-40.2925,75.34,72.0,81.0,Clear,clear sky,94,0,2.3
145,Tura,IN,2021-03-11 10:23:06,25.5198,90.2201,87.37,87.37,87.37,Clouds,few clouds,24,22,5.35
146,Port Moresby,PG,2021-03-11 10:23:06,-9.4431,147.1797,80.6,80.6,80.6,Rain,moderate rain,89,75,3.44
147,Ranong,TH,2021-03-11 10:23:06,9.9658,98.6348,93.2,93.2,93.2,Clouds,few clouds,46,20,9.22
148,Isangel,VU,2021-03-11 10:23:07,-19.55,169.2667,75.2,75.2,75.2,Clouds,few clouds,88,20,5.75
149,Grindavik,IS,2021-03-11 10:23:07,63.8424,-22.4338,26.6,26.6,26.6,Clouds,broken clouds,74,75,33.38
150,Katangli,RU,2021-03-11 10:23:07,51.7102,143.2326,20.5,20.5,20.5,Clouds,overcast clouds,92,99,11.36
151,Calama,CL,2021-03-11 10:23:08,-22.4667,-68.9333,46.4,46.4,46.4,Clear,clear sky,76,0,10.36
152,Mathathane,BW,2021-03-11 10:23:08,-22.2687,28.7495,94.32,94.32,94.32,Clear,clear sky,26,2,2.37
153,Huron,US,2021-03-11 10:23:08,41.1501,-82.5499,61.38,61.0,62.01,Clouds,overcast clouds,54,100,10.0
154,Itaituba,BR,2021-03-11 10:23:09,-4.2761,-55.9836,71.82,71.82,71.82,Clouds,overcast clouds,99,100,1.32
155,Lompoc,US,2021-03-11 10:23:09,34.6391,-120.4579,38.46,37.4,39.2,Clear,clear sky,100,1,3.44
156,Khorixas,NA,2021-03-11 10:23:09,-20.3667,14.9667,92.62,92.62,92.62,Clouds,scattered clouds,14,27,3.71
157,Ponta Do Sol,PT,2021-03-11 10:23:10,32.6667,-17.1,58.24,51.01,62.01,Clouds,scattered clouds,67,40,11.5
158,East London,ZA,2021-03-11 10:23:10,-33.0153,27.9116,66.2,66.2,66.2,Rain,light rain,94,75,10.36
159,Ilulissat,GL,2021-03-11 10:23:10,69.2167,-51.1,15.8,15.8,15.8,Clouds,overcast clouds,73,90,5.75
160,Longyearbyen,SJ,2021-03-11 10:23:11,78.2186,15.6401,23.0,23.0,23.0,Snow,light snow,86,75,23.02
161,Dunedin,NZ,2021-03-11 10:20:38,-45.8742,170.5036,55.99,55.99,55.99,Clouds,broken clouds,79,59,3.0
162,Ereymentau,KZ,2021-03-11 10:23:11,51.6199,73.1033,23.74,23.74,23.74,Clouds,overcast clouds,79,100,24.47
163,Buzmeyin,TM,2021-03-11 10:23:11,38.0507,58.2056,68.0,68.0,68.0,Clouds,few clouds,26,20,16.11
164,Azare,NG,2021-03-11 10:23:12,11.6765,10.1948,96.62,96.62,96.62,Clouds,broken clouds,8,82,4.18
165,The Valley,AI,2021-03-11 10:23:12,18.217,-63.0578,73.87,71.6,75.99,Clouds,broken clouds,88,75,1.14
166,Taltal,CL,2021-03-11 10:23:12,-25.4,-70.4833,63.61,63.61,63.61,Clouds,few clouds,87,16,1.72
167,Constitucion,CL,2021-03-11 10:23:13,-35.3333,-72.4167,56.89,56.89,56.89,Clouds,scattered clouds,90,44,7.14
168,Fairbanks,US,2021-03-11 10:23:13,64.8378,-147.7164,13.51,8.6,17.6,Snow,light snow,92,20,6.91
169,Praia Da Vitoria,PT,2021-03-11 10:23:13,38.7333,-27.0667,54.63,53.6,55.99,Drizzle,light intensity drizzle,100,90,13.47
170,Nemuro,JP,2021-03-11 10:23:14,43.3236,145.575,33.8,33.8,33.8,Clouds,few clouds,47,20,2.3
171,Aksarka,RU,2021-03-11 10:23:14,66.5606,67.7975,-14.93,-14.93,-14.93,Clouds,scattered clouds,93,39,12.88
172,Codrington,AU,2021-03-11 10:23:14,-38.2667,141.9667,58.53,58.53,58.53,Clouds,scattered clouds,93,41,8.28
173,Nikolsk,RU,2021-03-11 10:23:15,53.7189,46.0712,7.48,7.48,7.48,Clouds,broken clouds,91,83,14.03
174,Balabac,PH,2021-03-11 10:23:15,7.9868,117.0645,81.81,81.81,81.81,Clouds,overcast clouds,77,100,15.43
175,Rumia,PL,2021-03-11 10:23:15,54.5709,18.388,32.9,32.0,33.8,Snow,light snow,51,20,20.71
176,Saskylakh,RU,2021-03-11 10:23:16,71.9167,114.0833,-12.3,-12.3,-12.3,Clouds,overcast clouds,88,100,18.84
177,Kamenka,RU,2021-03-11 10:23:16,51.3223,42.7678,4.28,4.28,4.28,Clear,clear sky,82,5,4.79
178,Pacific Grove,US,2021-03-11 10:23:16,36.6177,-121.9166,43.27,42.01,44.6,Clouds,broken clouds,76,75,8.05
179,Tumpat,MY,2021-03-11 10:23:17,6.1978,102.171,84.09,84.0,84.2,Clouds,scattered clouds,74,40,11.5
180,Kieta,PG,2021-03-11 10:23:17,-6.2167,155.6333,80.78,80.78,80.78,Clouds,overcast clouds,82,98,3.8
181,Gornopravdinsk,RU,2021-03-11 10:23:17,60.05,69.9,-0.11,-0.11,-0.11,Clouds,overcast clouds,94,100,10.96
182,Pisco,PE,2021-03-11 10:23:18,-13.7,-76.2167,69.89,69.8,70.0,Clouds,broken clouds,83,56,2.3
183,Baykit,RU,2021-03-11 10:23:18,61.67,96.37,26.08,26.08,26.08,Snow,light snow,96,100,2.66
184,La Asuncion,VE,2021-03-11 10:23:18,11.0333,-63.8628,73.8,73.8,73.8,Clouds,broken clouds,87,62,7.99
185,Iringa,TZ,2021-03-11 10:23:19,-7.7667,35.7,78.8,78.8,78.8,Clouds,few clouds,53,20,5.75
186,Vila Praia De Ancora,PT,2021-03-11 10:23:19,41.811,-8.8526,55.47,53.6,57.99,Clouds,overcast clouds,94,90,5.75
187,Kapaa,US,2021-03-11 10:23:19,22.0752,-159.319,70.0,68.0,71.6,Rain,light rain,100,75,8.05
188,Ribeira Grande,PT,2021-03-11 10:23:20,38.5167,-28.7,59.0,59.0,59.0,Clouds,broken clouds,77,75,17.27
189,Beloha,MG,2021-03-11 10:23:20,-25.1667,45.05,93.74,93.74,93.74,Clouds,few clouds,38,20,1.01
190,Kolyvan,RU,2021-03-11 10:23:21,55.3053,82.7391,26.8,26.6,27.0,Clouds,few clouds,59,20,17.9
191,Xichang,CN,2021-03-11 10:23:21,27.8964,102.2634,70.27,70.27,70.27,Clouds,few clouds,40,19,6.93
192,Arman,RU,2021-03-11 10:23:22,59.7,150.1667,-0.92,-0.92,-0.92,Clouds,overcast clouds,95,97,1.79
193,Chuy,UY,2021-03-11 10:23:22,-33.6971,-53.4616,60.69,60.69,60.69,Clear,clear sky,90,2,4.18
194,Chapais,CA,2021-03-11 10:23:22,49.7834,-74.8492,35.6,35.6,35.6,Mist,mist,100,90,4.61
195,Gabas,PH,2021-03-11 10:23:22,10.7297,124.7961,76.33,76.33,76.33,Rain,moderate rain,97,100,2.89
196,Rahimatpur,IN,2021-03-11 10:23:23,17.6,74.2,94.26,94.26,94.26,Clear,clear sky,12,0,6.96
197,Cap Malheureux,MU,2021-03-11 10:23:23,-19.9842,57.6142,86.0,86.0,86.0,Clouds,few clouds,54,11,8.99
198,Punta De Piedra,VE,2021-03-11 10:23:24,7.6176,-71.4916,74.77,74.77,74.77,Clouds,broken clouds,73,83,2.44
199,Amnat Charoen,TH,2021-03-11 10:23:24,15.9167,104.75,93.0,93.0,93.0,Clear,clear sky,40,0,8.68
200,Manga,BF,2021-03-11 10:23:24,11.6636,-1.0731,94.44,94.44,94.44,Clouds,broken clouds,11,75,9.73
201,San Luis,AR,2021-03-11 10:21:22,-33.295,-66.3356,66.45,66.45,66.45,Clouds,overcast clouds,45,100,16.75
202,Qaanaaq,GL,2021-03-11 10:23:25,77.484,-69.3632,3.74,3.74,3.74,Clear,clear sky,60,0,4.07
203,Balclutha,NZ,2021-03-11 10:23:25,-46.2339,169.75,45.82,45.82,45.82,Clear,clear sky,98,10,1.79
204,Carrefour,HT,2021-03-11 10:23:26,18.5411,-72.3992,71.6,71.6,71.6,Clear,clear sky,73,10,5.75
205,Prokopyevsk,RU,2021-03-11 10:23:26,53.9059,86.719,24.75,24.75,24.75,Clouds,overcast clouds,85,100,12.44
206,Vao,NC,2021-03-11 10:23:26,-22.6667,167.4833,77.2,77.2,77.2,Clouds,few clouds,73,15,18.34
207,Tangermunde,DE,2021-03-11 10:23:26,52.5446,11.9765,48.56,48.0,48.99,Clouds,overcast clouds,78,100,4.0
208,Koupela,BF,2021-03-11 10:23:27,12.1794,-0.3517,89.37,89.37,89.37,Clouds,broken clouds,11,69,9.78
209,Ulaanbaatar,MN,2021-03-11 10:20:04,47.9077,106.8832,46.4,46.4,46.4,Clear,clear sky,25,0,8.95
210,Khabarovsk,RU,2021-03-11 10:19:08,48.4808,135.0928,33.8,33.8,33.8,Clear,clear sky,51,0,17.9
211,Colares,PT,2021-03-11 10:19:21,38.7992,-9.4469,59.59,59.0,61.0,Clouds,scattered clouds,77,40,3.44
212,Santa Cruz,BO,2021-03-11 10:22:19,-17.8,-63.1667,73.81,71.6,75.2,Clear,clear sky,83,2,6.91
213,Port Hardy,CA,2021-03-11 10:23:28,50.6996,-127.4199,33.3,28.4,41.0,Clear,clear sky,100,1,4.61
214,Banjar,ID,2021-03-11 10:23:28,-8.19,114.9675,84.2,84.2,84.2,Rain,moderate rain,70,20,5.75
215,Sioux Lookout,CA,2021-03-11 10:23:28,50.1001,-91.917,17.6,17.6,17.6,Clouds,overcast clouds,79,90,8.05
216,Bathsheba,BB,2021-03-11 10:23:29,13.2167,-59.5167,77.0,77.0,77.0,Clouds,scattered clouds,65,40,18.41
217,Mantua,IT,2021-03-11 10:23:29,45.1667,10.7833,49.69,48.99,50.0,Clouds,overcast clouds,63,100,5.01
218,Yatou,CN,2021-03-11 10:23:30,37.15,122.3833,47.73,47.73,47.73,Rain,light rain,69,100,2.35
219,Lixourion,GR,2021-03-11 10:23:30,38.2019,20.4314,55.4,55.4,55.4,Clouds,scattered clouds,58,40,23.02
220,Ixtapa,MX,2021-03-11 10:23:30,20.7,-105.2,66.0,66.0,66.0,Clear,clear sky,83,0,2.93
221,Kinna,SE,2021-03-11 10:23:30,57.5073,12.6946,34.38,32.0,36.0,Rain,light rain,93,90,17.27
222,Ekhabi,RU,2021-03-11 10:23:31,53.5102,142.9671,13.33,13.33,13.33,Clouds,broken clouds,90,84,16.2
223,Bilibino,RU,2021-03-11 10:23:31,68.0546,166.4372,-20.15,-20.15,-20.15,Clouds,few clouds,75,19,3.02
224,Pevek,RU,2021-03-11 10:23:31,69.7008,170.3133,-14.12,-14.12,-14.12,Clouds,broken clouds,70,77,18.61
225,Baijiantan,CN,2021-03-11 10:23:32,45.6333,85.1833,38.82,38.82,38.82,Clouds,broken clouds,80,76,8.3
226,Roald,NO,2021-03-11 10:23:32,62.5833,6.1333,44.6,44.6,44.6,Clear,clear sky,49,0,19.57
227,Hilo,US,2021-03-11 10:21:54,19.7297,-155.09,66.85,63.0,69.8,Clouds,few clouds,83,20,4.99
228,Atherton,GB,2021-03-11 10:23:32,53.5237,-2.4935,48.2,46.0,50.0,Clouds,overcast clouds,62,85,15.99
229,Lagoa,PT,2021-03-11 10:23:33,39.05,-27.9833,55.58,55.58,55.58,Clouds,overcast clouds,69,100,14.38
230,Longyan,CN,2021-03-11 10:23:33,25.1072,117.0225,69.19,69.19,69.19,Clouds,broken clouds,83,67,2.15
231,Lorengau,PG,2021-03-11 10:23:33,-2.0226,147.2712,82.13,82.13,82.13,Clouds,overcast clouds,69,99,7.02
232,Bengkulu,ID,2021-03-11 10:23:34,-3.8004,102.2655,83.61,83.61,83.61,Rain,heavy intensity rain,73,89,7.38
233,Tasiilaq,GL,2021-03-11 10:23:34,65.6145,-37.6368,15.8,15.8,15.8,Clouds,broken clouds,62,75,5.75
234,Faya,SA,2021-03-11 10:23:34,18.3851,42.4509,78.8,78.8,78.8,Clear,clear sky,19,0,10.36
235,Kaitangata,NZ,2021-03-11 10:23:35,-46.2817,169.8464,48.85,48.85,48.85,Clouds,few clouds,92,17,1.7
236,Tiksi,RU,2021-03-11 10:23:35,71.6872,128.8694,-10.95,-10.95,-10.95,Clouds,overcast clouds,84,100,27.54
237,Port Lincoln,AU,2021-03-11 10:23:35,-34.7333,135.8667,65.64,65.64,65.64,Clouds,broken clouds,76,66,7.4
238,Itarema,BR,2021-03-11 10:23:36,-2.9248,-39.9167,77.95,77.95,77.95,Clouds,overcast clouds,85,88,10.31
239,West Wendover,US,2021-03-11 10:23:36,40.7391,-114.0733,30.2,30.2,30.2,Snow,light snow,93,90,11.5
240,Hervey Bay,AU,2021-03-11 10:23:36,-25.2986,152.8535,74.44,73.4,75.0,Clouds,broken clouds,94,75,10.36
241,Mirnyy,RU,2021-03-11 10:23:37,62.5353,113.9611,11.21,11.21,11.21,Clouds,overcast clouds,93,100,5.14
242,Champerico,GT,2021-03-11 10:23:37,14.3,-91.9167,63.21,61.0,64.99,Clouds,few clouds,94,23,1.01
243,Tilichiki,RU,2021-03-11 10:23:37,60.4667,166.1,-0.4,-0.4,-0.4,Clouds,broken clouds,93,52,8.72
244,Lisakovsk,KZ,2021-03-11 10:23:38,52.5369,62.4936,9.07,9.07,9.07,Clouds,overcast clouds,88,100,14.65
245,Raga,SS,2021-03-11 10:23:38,8.4596,25.678,109.49,109.49,109.49,Clouds,scattered clouds,10,48,3.6
246,Srednekolymsk,RU,2021-03-11 10:23:38,67.45,153.6833,-5.48,-5.48,-5.48,Clouds,broken clouds,86,57,6.69
247,Baturaja,ID,2021-03-11 10:23:39,-4.1333,104.1667,83.3,83.3,83.3,Clouds,broken clouds,86,62,2.01
248,Fort Frances,CA,2021-03-11 10:21:50,48.5999,-93.4003,24.44,23.0,26.01,Clouds,broken clouds,74,75,13.8
249,Hambantota,LK,2021-03-11 10:23:39,6.1241,81.1185,82.4,82.4,82.4,Clouds,scattered clouds,83,40,4.61
250,Svetlogorsk,BY,2021-03-11 10:23:39,52.6333,29.7333,28.08,28.08,28.08,Clear,clear sky,65,0,10.02
251,Erdenet,MN,2021-03-11 10:23:40,49.0333,104.0833,36.59,36.59,36.59,Clear,clear sky,46,0,3.74
252,Mbandaka,CD,2021-03-11 10:23:40,0.0487,18.2603,90.7,90.7,90.7,Clouds,broken clouds,50,58,2.91
253,Hofn,IS,2021-03-11 10:23:40,64.2539,-15.2082,39.2,39.2,39.2,Clouds,broken clouds,56,75,9.22
254,Thinadhoo,MV,2021-03-11 10:23:41,0.5333,72.9333,81.34,81.34,81.34,Clouds,broken clouds,72,66,5.61
255,Samoylovka,RU,2021-03-11 10:23:41,51.184,43.7081,3.6,3.6,3.6,Clear,clear sky,84,2,6.22
256,Newport,GB,2021-03-11 10:23:41,51.5877,-2.9984,48.04,45.0,50.0,Rain,light rain,70,61,3.0
257,Liverpool,GB,2021-03-11 10:23:42,53.4106,-2.9779,48.24,46.99,50.0,Clouds,few clouds,66,20,29.93
258,Airai,TL,2021-03-11 10:23:42,-8.9266,125.4092,63.32,63.32,63.32,Clouds,overcast clouds,96,100,0.83
259,Natal,BR,2021-03-11 10:20:58,-5.795,-35.2094,77.92,77.0,78.8,Clouds,scattered clouds,83,40,9.22
260,Santa Rosa,PH,2021-03-11 10:23:42,14.3122,121.1114,84.58,82.99,86.0,Clouds,few clouds,51,20,10.36
261,Salalah,OM,2021-03-11 10:23:43,17.0151,54.0924,86.0,86.0,86.0,Clear,clear sky,39,0,9.22
262,Poum,NC,2021-03-11 10:23:43,-20.2333,164.0167,77.67,77.67,77.67,Clouds,broken clouds,76,54,11.41
263,Pucara,PE,2021-03-11 10:23:43,-15.9803,-71.4606,36.23,36.23,36.23,Clouds,broken clouds,81,81,0.74
264,Victor Harbor,AU,2021-03-11 10:23:44,-35.5667,138.6167,66.99,66.99,66.99,Clouds,overcast clouds,75,94,5.7
265,Marang,MY,2021-03-11 10:23:44,5.2056,103.2059,84.11,84.0,84.2,Rain,moderate rain,74,40,4.61
266,Abonnema,NG,2021-03-11 10:23:44,4.7084,6.7931,75.2,75.2,75.2,Clouds,broken clouds,94,75,3.44
267,Najran,SA,2021-03-11 10:23:45,17.4924,44.1277,89.6,89.6,89.6,Clear,clear sky,11,0,13.8
268,Sabang,ID,2021-03-11 10:23:45,5.8933,95.3214,82.58,82.58,82.58,Clouds,scattered clouds,77,35,18.25
269,Thompson,CA,2021-03-11 10:23:45,55.7435,-97.8558,-5.8,-5.8,-5.8,Clouds,broken clouds,77,75,6.91
270,Mae Sai,TH,2021-03-11 10:23:46,20.4335,99.8762,89.6,89.6,89.6,Clouds,few clouds,51,19,3.44
271,Iqaluit,CA,2021-03-11 10:23:46,63.7506,-68.5145,-20.09,-20.2,-20.0,Clouds,few clouds,69,20,2.1
272,Labuhan,ID,2021-03-11 10:23:46,-6.8844,112.2051,81.19,81.19,81.19,Clouds,broken clouds,81,60,10.27
273,Revelstoke,CA,2021-03-11 10:23:47,50.9832,-118.2023,24.8,24.8,24.8,Clear,clear sky,100,1,3.44
274,Vila Franca Do Campo,PT,2021-03-11 10:23:47,37.7167,-25.4333,59.0,59.0,59.0,Drizzle,light intensity drizzle,94,75,14.97
275,Leningradskiy,RU,2021-03-11 10:23:47,69.3833,178.4167,-15.61,-15.61,-15.61,Clear,clear sky,65,0,6.64
276,Siirt,TR,2021-03-11 10:23:48,37.9326,41.9403,66.2,66.2,66.2,Clouds,scattered clouds,39,40,4.61
277,Nantucket,US,2021-03-11 10:21:33,41.2835,-70.0995,42.01,42.01,42.01,Clouds,overcast clouds,85,91,17.47
278,Komsomolskiy,UZ,2021-03-11 10:23:48,40.4272,71.7189,55.4,55.4,55.4,Clouds,overcast clouds,47,100,11.5
279,Kununurra,AU,2021-03-11 10:23:49,-15.7667,128.7333,78.8,78.8,78.8,Clouds,broken clouds,100,75,11.5
280,Mandalgovi,MN,2021-03-11 10:23:49,45.7625,106.2708,39.74,39.74,39.74,Clouds,scattered clouds,38,40,5.79
281,Fallon,US,2021-03-11 10:23:49,39.4735,-118.7774,28.4,28.4,28.4,Clouds,broken clouds,86,75,3.44
282,Waipawa,NZ,2021-03-11 10:23:50,-41.4122,175.5153,56.62,55.0,59.0,Clouds,overcast clouds,67,90,12.66
283,Shimoda,JP,2021-03-11 10:23:50,34.6667,138.95,48.0,48.0,48.0,Clouds,scattered clouds,77,30,5.44
284,Burnie,AU,2021-03-11 10:23:50,-41.0667,145.9167,59.92,59.0,61.0,Clear,clear sky,85,5,3.0
285,Saint-Pierre,RE,2021-03-11 10:23:51,-21.3393,55.4781,81.0,70.0,86.0,Clear,clear sky,54,0,23.02
286,Puerto Leguizamo,CO,2021-03-11 10:23:51,-0.1934,-74.7819,70.99,70.99,70.99,Clouds,overcast clouds,99,100,2.84
287,Sitka,US,2021-03-11 10:23:51,57.0531,-135.33,39.2,39.2,39.2,Rain,light rain,81,90,13.8
288,Tautira,PF,2021-03-11 10:23:52,-17.7333,-149.15,80.29,80.01,80.6,Rain,light rain,78,75,2.3
289,Ejura,GH,2021-03-11 10:23:52,7.3856,-1.3562,88.95,88.95,88.95,Clouds,overcast clouds,54,96,7.18
290,Karratha,AU,2021-03-11 10:23:52,-20.7377,116.8463,89.85,89.85,89.85,Clear,clear sky,55,0,11.86
291,Yellandu,IN,2021-03-11 10:23:53,17.6,80.3333,100.63,100.63,100.63,Clear,clear sky,13,1,6.24
292,Paramonga,PE,2021-03-11 10:23:53,-10.6667,-77.8333,69.96,69.96,69.96,Clouds,scattered clouds,85,40,5.03
293,Bella Union,UY,2021-03-11 10:23:53,-30.2752,-57.6007,62.2,62.2,62.2,Clear,clear sky,62,0,5.46
294,Jumla,NP,2021-03-11 10:23:53,29.2747,82.1838,57.24,57.24,57.24,Clouds,broken clouds,39,61,5.91
295,Bambous Virieux,MU,2021-03-11 10:23:54,-20.3428,57.7575,86.0,86.0,86.0,Clouds,scattered clouds,54,40,12.66
296,Usinsk,RU,2021-03-11 10:23:07,65.9939,57.5281,2.59,2.59,2.59,Snow,light snow,95,100,18.01
297,Aranos,NA,2021-03-11 10:23:54,-24.1333,19.1167,85.75,85.75,85.75,Clear,clear sky,17,0,2.44
298,Minab,IR,2021-03-11 10:23:55,27.1467,57.0801,82.4,82.4,82.4,Haze,haze,54,0,13.8
299,Jacobina,BR,2021-03-11 10:23:55,-11.1806,-40.5183,71.56,71.56,71.56,Clouds,overcast clouds,89,99,4.76
300,Ust-Nera,RU,2021-03-11 10:23:55,64.5667,143.2,-3.48,-3.48,-3.48,Clouds,overcast clouds,94,100,6.42
301,Cabaiguan,CU,2021-03-11 10:23:55,22.0789,-79.4992,64.4,64.4,64.4,Rain,moderate rain,94,1,3.44
302,Kot Addu,PK,2021-03-11 10:23:56,30.4692,70.9671,87.8,87.8,87.8,Haze,haze,37,0,6.91
303,Namtsy,RU,2021-03-11 10:23:56,62.7161,129.6658,1.4,1.4,1.4,Clear,clear sky,71,0,4.47
304,Shetpe,KZ,2021-03-11 10:23:56,44.1667,52.1167,28.44,28.44,28.44,Clouds,overcast clouds,29,100,14.05
305,Saint Anthony,US,2021-03-11 10:23:57,45.0205,-93.218,33.39,32.0,35.01,Clouds,overcast clouds,86,90,19.57
306,Guerrero Negro,MX,2021-03-11 10:23:57,27.9769,-114.0611,54.68,54.68,54.68,Clear,clear sky,79,0,12.01
307,Surab,PK,2021-03-11 10:23:57,28.4914,66.2585,72.5,72.5,72.5,Clear,clear sky,11,3,14.79
308,Albanel,CA,2021-03-11 10:23:58,48.8832,-72.4487,35.6,35.6,35.6,Clouds,overcast clouds,87,100,5.75
309,Pangnirtung,CA,2021-03-11 10:23:58,66.1451,-65.7125,-17.16,-17.16,-17.16,Clouds,overcast clouds,99,99,1.54
310,Margate,GB,2021-03-11 10:23:59,51.3813,1.3862,50.67,50.0,52.0,Clouds,broken clouds,80,68,10.0
311,Petropavlovsk-Kamchatskiy,RU,2021-03-11 10:23:59,53.0452,158.6483,33.8,33.8,33.8,Snow,light rain and snow,69,75,8.95
312,Vanimo,PG,2021-03-11 10:24:00,-2.6741,141.3028,79.27,79.27,79.27,Clouds,few clouds,88,15,8.1
313,Te Anau,NZ,2021-03-11 10:24:00,-45.4167,167.7167,45.75,45.75,45.75,Clear,clear sky,92,2,3.04
314,Gorur,IN,2021-03-11 10:24:00,12.8194,76.0717,83.55,83.55,83.55,Clouds,overcast clouds,35,99,5.01
315,Hammerfest,NO,2021-03-11 10:24:01,70.6634,23.6821,21.2,21.2,21.2,Clear,clear sky,53,0,2.3
316,Charleston,US,2021-03-11 10:19:10,32.7766,-79.9309,47.07,46.4,48.2,Clouds,scattered clouds,93,40,0.25
317,Road Town,VG,2021-03-11 10:20:28,18.4167,-64.6167,75.65,75.0,75.99,Clear,clear sky,83,0,3.0
318,Minbu,MM,2021-03-11 10:24:01,20.1833,94.8833,100.47,100.47,100.47,Clear,clear sky,12,4,1.59
319,Murray Bridge,AU,2021-03-11 10:24:01,-35.1167,139.2667,62.98,62.01,64.0,Clouds,scattered clouds,70,48,9.66
320,Dunmore Town,BS,2021-03-11 10:24:02,25.5,-76.65,71.19,71.19,71.19,Clouds,few clouds,64,22,19.62
321,San Patricio,US,2021-03-11 10:24:02,28.017,-97.5169,70.66,69.01,73.4,Clouds,overcast clouds,88,90,21.85
322,Baley,RU,2021-03-11 10:24:02,51.6,116.6333,19.81,19.81,19.81,Clear,clear sky,89,0,3.0
323,Mount Gambier,AU,2021-03-11 10:24:03,-37.8333,140.7667,59.0,59.0,59.0,Clouds,scattered clouds,82,36,5.75
324,Upington,ZA,2021-03-11 10:24:03,-28.4478,21.2561,84.2,84.2,84.2,Clear,clear sky,26,0,3.44
325,Saint George,US,2021-03-11 10:24:03,37.1041,-113.5841,41.88,41.0,43.0,Clouds,overcast clouds,70,90,17.27
326,Kruisfontein,ZA,2021-03-11 10:24:04,-34.0033,24.7314,72.0,72.0,72.0,Clouds,broken clouds,68,73,7.0
327,Chardara,KZ,2021-03-11 10:24:04,41.2547,67.9692,52.81,52.81,52.81,Clouds,broken clouds,41,59,2.15
328,Mariental,NA,2021-03-11 10:24:04,-24.6333,17.9667,83.57,83.57,83.57,Clear,clear sky,16,0,5.61
329,Kyra,RU,2021-03-11 10:24:05,49.5776,111.9753,32.86,32.86,32.86,Clear,clear sky,56,0,0.58
330,Sucre,BO,2021-03-11 10:24:05,-19.0333,-65.2627,48.99,48.99,48.99,Clouds,few clouds,87,24,1.5
331,Juneau,US,2021-03-11 10:24:05,58.3019,-134.4197,29.88,25.0,35.6,Rain,light rain,80,90,26.46
332,Biak,ID,2021-03-11 10:24:06,-0.9131,122.8766,79.38,79.38,79.38,Clouds,broken clouds,80,58,1.86
333,Morayfield,AU,2021-03-11 10:24:06,-27.1167,152.95,69.35,68.0,71.01,Clouds,overcast clouds,3,100,3.96
334,Lasa,IT,2021-03-11 10:24:06,46.6166,10.7002,40.95,32.0,48.0,Clouds,scattered clouds,69,40,4.61
335,Nishihara,JP,2021-03-11 10:24:07,26.1842,127.7558,71.46,71.01,71.6,Clouds,scattered clouds,53,40,11.5
336,Dakar,SN,2021-03-11 10:24:07,14.6937,-17.4441,66.2,66.2,66.2,Clouds,overcast clouds,72,99,11.5
337,Beringovskiy,RU,2021-03-11 10:24:07,63.05,179.3167,-5.98,-5.98,-5.98,Clear,clear sky,92,0,4.18
338,Banda Aceh,ID,2021-03-11 10:24:08,5.5577,95.3222,85.1,85.1,85.1,Clouds,broken clouds,66,57,11.83
339,Omama,JP,2021-03-11 10:24:08,36.4333,139.2833,46.0,46.0,46.0,Clear,clear sky,42,0,3.0
340,Avera,US,2021-03-11 10:24:09,33.194,-82.5271,43.7,42.8,44.6,Clear,clear sky,85,1,3.96
341,Mezen,RU,2021-03-11 10:24:09,65.8522,44.24,13.89,13.89,13.89,Clouds,scattered clouds,70,29,12.68
342,Bethel,US,2021-03-11 10:23:11,41.3712,-73.414,40.93,39.0,42.01,Clouds,broken clouds,95,80,3.29
343,Port-Cartier,CA,2021-03-11 10:24:10,50.0334,-66.8654,32.94,32.0,33.8,Rain,light rain,100,90,3.44
344,Katobu,ID,2021-03-11 10:24:10,-4.9408,122.5276,77.29,77.29,77.29,Clouds,overcast clouds,89,94,4.14
345,Anloga,GH,2021-03-11 10:21:21,5.7947,0.8973,82.4,82.4,82.4,Clouds,few clouds,83,20,12.66
346,Pangkalanbuun,ID,2021-03-11 10:23:21,-2.6833,111.6167,82.94,82.94,82.94,Clouds,broken clouds,68,82,5.46
347,Batagay,RU,2021-03-11 10:24:11,67.6333,134.6333,-3.77,-3.77,-3.77,Clouds,overcast clouds,87,100,4.41
348,Cabedelo,BR,2021-03-11 10:24:11,-6.9811,-34.8339,80.6,80.6,80.6,Clouds,scattered clouds,94,40,6.91
349,Aykhal,RU,2021-03-11 10:24:11,66.0,111.5,-10.12,-10.12,-10.12,Clear,clear sky,88,4,12.64
350,Lucapa,AO,2021-03-11 10:24:11,-8.4192,20.7447,79.72,79.72,79.72,Rain,light rain,69,62,4.03
351,Marsh Harbour,BS,2021-03-11 10:24:12,26.5412,-77.0636,69.57,69.57,69.57,Clouds,scattered clouds,74,48,21.59
352,Yulara,AU,2021-03-11 10:24:12,-25.2406,130.9889,89.6,89.6,89.6,Clouds,scattered clouds,40,47,4.61
353,Kanchanaburi,TH,2021-03-11 10:24:13,14.6333,99.1,92.05,92.05,92.05,Clouds,scattered clouds,39,49,4.0
354,Siocon,PH,2021-03-11 10:24:13,7.7061,122.1353,77.31,77.31,77.31,Clouds,overcast clouds,91,100,9.42
355,Saint-Joseph,RE,2021-03-11 10:24:13,-21.3667,55.6167,80.02,70.0,86.0,Clear,clear sky,54,0,23.02
356,Vestmannaeyjar,IS,2021-03-11 10:24:14,63.4427,-20.2734,30.2,30.2,30.2,Clouds,scattered clouds,69,40,32.21
357,Gushikawa,JP,2021-03-11 10:24:14,26.3544,127.8686,71.38,71.01,71.6,Clouds,overcast clouds,64,90,9.22
358,Narsaq,GL,2021-03-11 10:24:14,60.9167,-46.05,21.2,21.2,21.2,Clouds,broken clouds,58,75,4.61
359,Ketchikan,US,2021-03-11 10:24:15,55.3422,-131.6461,38.12,37.4,39.2,Snow,light snow,81,90,5.75
360,Beira,MZ,2021-03-11 10:24:15,-19.8436,34.8389,89.31,89.01,89.6,Clouds,broken clouds,58,75,5.75
361,Bowen,AU,2021-03-11 10:24:15,-20.0167,148.2333,77.0,77.0,77.0,Clouds,scattered clouds,78,32,3.44
362,Nhulunbuy,AU,2021-03-11 10:24:16,-12.2333,136.7667,78.8,78.8,78.8,Clouds,overcast clouds,89,100,5.75
363,Gvarv,NO,2021-03-11 10:24:16,59.3875,9.1737,32.29,30.0,33.8,Snow,light snow,93,90,1.14
364,Lavrentiya,RU,2021-03-11 10:24:16,65.5833,-171.0,-16.92,-16.92,-16.92,Clear,clear sky,67,0,5.48
365,Wiarton,CA,2021-03-11 10:24:17,44.7407,-81.1332,52.52,50.0,55.0,Clouds,overcast clouds,66,90,17.27
366,Tyret Pervaya,RU,2021-03-11 10:24:17,53.6703,102.3106,32.2,32.2,32.2,Clouds,broken clouds,95,52,4.94
367,Nefteyugansk,RU,2021-03-11 10:24:17,61.0998,72.6035,-4.0,-4.0,-4.0,Clear,clear sky,59,0,13.42
368,Zhigansk,RU,2021-03-11 10:24:18,66.7697,123.3711,-3.98,-3.98,-3.98,Clouds,overcast clouds,97,100,10.27
369,Villa Bruzual,VE,2021-03-11 10:24:18,9.3328,-69.1208,73.11,73.11,73.11,Clouds,overcast clouds,73,89,6.33
370,Rancho Palos Verdes,US,2021-03-11 10:24:18,33.7445,-118.387,44.15,44.01,44.6,Clouds,overcast clouds,93,90,4.61
371,Clyde River,CA,2021-03-11 10:24:19,70.4692,-68.5914,-5.8,-5.8,-5.8,Clouds,overcast clouds,71,90,12.66
372,Chumikan,RU,2021-03-11 10:24:19,54.7183,135.315,16.38,16.38,16.38,Clouds,broken clouds,84,54,12.03
373,Nanchang,CN,2021-03-11 10:24:20,28.6833,115.8833,60.55,60.55,60.55,Clouds,overcast clouds,79,95,0.6
374,Savelugu,GH,2021-03-11 10:24:20,9.6244,-0.8253,93.27,93.27,93.27,Clouds,scattered clouds,38,49,4.92
375,Griffith,US,2021-03-11 10:24:20,41.5284,-87.4237,59.61,59.0,61.0,Clouds,overcast clouds,88,90,16.11
376,Dalaba,GN,2021-03-11 10:24:21,10.7,-12.25,80.31,80.31,80.31,Clouds,few clouds,17,21,4.27
377,Bulgan,MN,2021-03-11 10:24:21,48.8125,103.5347,39.38,39.38,39.38,Clear,clear sky,37,0,3.2
378,Klaksvik,FO,2021-03-11 10:23:57,62.2266,-6.589,41.0,41.0,41.0,Clouds,broken clouds,93,75,11.5
379,Santo Andre,BR,2021-03-11 10:24:21,-23.6639,-46.5383,68.0,68.0,68.0,Clear,clear sky,77,0,6.91
380,Pankovka,RU,2021-03-11 10:24:22,58.5,31.1999,16.72,16.72,16.72,Clouds,overcast clouds,72,94,10.8
381,Borogontsy,RU,2021-03-11 10:24:22,62.6683,131.1683,2.7,2.7,2.7,Clouds,overcast clouds,96,100,5.28
382,Mehamn,NO,2021-03-11 10:24:22,71.0357,27.8492,15.8,15.8,15.8,Clear,clear sky,73,0,17.27
383,Barberton,ZA,2021-03-11 10:24:23,-25.7884,31.0532,89.56,84.2,93.2,Clouds,few clouds,35,20,3.44
384,Felanitx,ES,2021-03-11 10:24:23,39.4696,3.1483,60.64,59.0,62.01,Clouds,scattered clouds,82,40,11.5
385,Girne,CY,2021-03-11 10:24:23,35.3417,33.3167,69.91,69.8,70.0,Clouds,scattered clouds,52,40,19.57
386,Tazmalt,DZ,2021-03-11 10:24:24,36.3868,4.3989,56.16,56.16,56.16,Clear,clear sky,55,0,2.01
387,Touros,BR,2021-03-11 10:24:24,-5.1989,-35.4608,77.0,77.0,77.0,Clouds,few clouds,88,20,4.61
388,Padilla,CO,2021-03-11 10:24:24,3.2204,-76.3139,66.2,66.2,66.2,Clouds,broken clouds,100,75,3.44
389,Kirakira,SB,2021-03-11 10:24:25,-10.4544,161.9205,80.38,80.38,80.38,Clouds,overcast clouds,82,100,3.18
390,Itaqui,BR,2021-03-11 10:20:12,-29.1253,-56.5531,60.69,60.69,60.69,Rain,light rain,66,0,5.44
391,Kavaratti,IN,2021-03-11 10:24:25,10.5669,72.642,83.61,83.61,83.61,Clouds,few clouds,68,19,6.44
392,Kumo,NG,2021-03-11 10:24:25,10.0447,11.2122,89.6,89.6,89.6,Clear,clear sky,43,0,13.8
393,Hovd,MN,2021-03-11 10:24:26,48.0056,91.6419,39.7,39.7,39.7,Clouds,overcast clouds,28,99,3.36
394,Shwebo,MM,2021-03-11 10:24:26,22.5667,95.7,97.81,97.81,97.81,Clear,clear sky,13,0,4.5
395,Jacmel,HT,2021-03-11 10:24:26,18.2342,-72.5347,71.6,71.6,71.6,Clouds,few clouds,73,19,5.75
396,Rawson,AR,2021-03-11 10:20:49,-43.3002,-65.1023,55.76,55.76,55.76,Clouds,scattered clouds,40,49,19.26
397,Saint-Jean-De-Maurienne,FR,2021-03-11 10:24:27,45.1667,6.5833,48.7,42.01,54.0,Clouds,overcast clouds,25,100,5.01
398,Sangueya,GN,2021-03-11 10:24:27,10.7,-14.3667,89.96,89.96,89.96,Clear,clear sky,39,0,1.59
399,Takoradi,GH,2021-03-11 10:24:28,4.8845,-1.7554,84.0,84.0,84.0,Clouds,overcast clouds,76,100,9.44
400,Sabha,LY,2021-03-11 10:24:28,27.0377,14.4283,76.05,76.05,76.05,Clouds,overcast clouds,28,100,23.58
401,Vostok,RU,2021-03-11 10:24:28,46.4856,135.8833,20.55,20.55,20.55,Clouds,overcast clouds,97,91,2.53
402,Gornyak,RU,2021-03-11 10:24:29,50.9942,81.4661,24.87,24.87,24.87,Clouds,broken clouds,85,52,14.34
403,Mecca,SA,2021-03-11 10:24:29,21.4267,39.8261,96.04,96.04,96.04,Clear,clear sky,20,0,8.16
404,Hudson Bay,CA,2021-03-11 10:24:29,52.85,-102.3842,8.65,8.65,8.65,Clouds,broken clouds,74,75,8.32
405,Tara,RU,2021-03-11 10:24:30,56.8944,74.371,17.49,17.49,17.49,Clouds,overcast clouds,86,100,14.97
406,Kayes,ML,2021-03-11 10:24:30,14.0,-11.0,85.64,85.64,85.64,Clouds,overcast clouds,8,100,10.51
407,Caibarien,CU,2021-03-11 10:24:30,22.5206,-79.4669,64.4,64.4,64.4,Clear,clear sky,94,1,3.44
408,Along,IN,2021-03-11 10:24:30,28.1667,94.7667,77.32,77.32,77.32,Clouds,broken clouds,45,62,1.52
409,Jalu,LY,2021-03-11 10:24:31,29.0331,21.5482,74.44,74.44,74.44,Clouds,broken clouds,32,78,14.05
410,Soyo,AO,2021-03-11 10:24:31,-6.1349,12.3689,82.4,82.4,82.4,Rain,moderate rain,89,75,5.75
411,San Policarpo,PH,2021-03-11 10:24:32,12.1791,125.5072,77.31,77.31,77.31,Rain,heavy intensity rain,92,100,19.33
412,Villanueva De Cordoba,ES,2021-03-11 10:24:32,38.3228,-4.6287,55.4,55.4,55.4,Clear,clear sky,71,0,4.61
413,Oranjestad,AW,2021-03-11 10:22:57,12.524,-70.027,78.8,78.8,78.8,Clouds,scattered clouds,73,40,12.66
414,Bonavista,CA,2021-03-11 10:24:32,48.6499,-53.1147,26.82,24.8,30.0,Clouds,broken clouds,86,74,4.61
415,Ruza,RU,2021-03-11 10:24:33,55.699,36.1952,15.8,15.8,15.8,Clear,clear sky,35,0,4.47
416,Tartus,SY,2021-03-11 10:24:33,34.889,35.8866,65.39,63.0,66.2,Clouds,broken clouds,68,75,14.97
417,Fort Smith,US,2021-03-11 10:24:33,35.3859,-94.3986,68.2,64.0,69.8,Clouds,broken clouds,68,75,13.8
418,Sinnamary,GF,2021-03-11 10:24:34,5.3833,-52.95,76.64,76.64,76.64,Clouds,broken clouds,89,68,12.59
419,Plastun,RU,2021-03-11 10:24:34,44.7561,136.2939,33.03,33.03,33.03,Clear,clear sky,76,0,5.75
420,Skovorodino,RU,2021-03-11 10:24:34,53.9833,123.9167,20.71,20.71,20.71,Clear,clear sky,91,0,3.96
421,Litovko,RU,2021-03-11 10:24:35,49.2361,135.1742,25.88,25.88,25.88,Clear,clear sky,74,9,11.16
422,Saldanha,ZA,2021-03-11 10:20:15,-33.0117,17.9442,73.4,73.4,73.4,Clouds,few clouds,69,20,5.75
423,Alassio,IT,2021-03-11 10:24:35,44.0039,8.1671,55.83,55.0,57.0,Clear,clear sky,67,0,4.72
424,Santa Isabel,BR,2021-03-11 10:24:36,-23.3156,-46.2214,68.0,66.2,69.8,Clouds,broken clouds,100,75,8.05
425,Borkenes,NO,2021-03-11 10:24:36,68.774,16.1739,29.57,25.0,34.0,Clouds,overcast clouds,76,100,31.0
426,Devonport,AU,2021-03-11 10:24:36,-41.1667,146.35,60.66,59.0,62.01,Clear,clear sky,78,3,1.01
427,Caraballeda,VE,2021-03-11 10:24:37,10.6112,-66.8522,67.24,62.01,73.4,Clouds,scattered clouds,88,40,3.44
428,Wewak,PG,2021-03-11 10:24:37,-3.5534,143.6268,80.62,80.62,80.62,Clouds,broken clouds,81,72,7.09
429,Sao Mateus Do Sul,BR,2021-03-11 10:24:37,-25.8742,-50.3828,55.98,55.98,55.98,Clouds,scattered clouds,97,45,0.98
430,Solnechnyy,RU,2021-03-11 10:24:38,50.7214,136.6319,21.65,21.65,21.65,Clouds,broken clouds,80,82,5.5
431,San Fernando,PH,2021-03-11 10:24:38,15.0286,120.6898,84.2,84.2,84.2,Clouds,scattered clouds,58,40,16.11
432,San Andres,CO,2021-03-11 10:24:38,12.5847,-81.7006,78.8,78.8,78.8,Clouds,few clouds,78,20,13.8
433,Wattegama,LK,2021-03-11 10:24:38,6.7989,81.4808,82.4,82.4,82.4,Clouds,scattered clouds,83,40,4.61
434,Kajaani,FI,2021-03-11 10:24:39,64.2273,27.7285,14.0,14.0,14.0,Clouds,broken clouds,44,75,12.66
435,Sri Aman,MY,2021-03-11 10:24:39,1.2376,111.4621,82.24,80.6,84.0,Rain,light rain,89,20,2.3
436,Hualmay,PE,2021-03-11 10:24:34,-11.0964,-77.6139,71.51,71.51,71.51,Clouds,broken clouds,80,68,5.86
437,Kutum,SD,2021-03-11 10:24:40,14.2,24.6667,90.59,90.59,90.59,Clear,clear sky,6,0,9.89
438,Varberg,SE,2021-03-11 10:24:40,57.1056,12.2508,35.01,35.01,35.01,Rain,light rain,93,100,28.01
439,Yoichi,JP,2021-03-11 10:24:41,43.2039,140.7703,37.4,37.4,37.4,Clouds,broken clouds,70,75,5.75
440,Boa Vista,BR,2021-03-11 10:24:41,2.8197,-60.6733,77.0,77.0,77.0,Clear,clear sky,73,0,6.91
441,Goderich,CA,2021-03-11 10:24:41,43.7501,-81.7165,59.0,59.0,59.0,Clouds,overcast clouds,55,100,24.16
442,Asosa,ET,2021-03-11 10:24:42,10.0667,34.5333,91.06,91.06,91.06,Clouds,few clouds,16,17,6.82
443,San Antonio,US,2021-03-11 10:23:11,29.4241,-98.4936,68.13,66.2,69.8,Clouds,overcast clouds,77,90,11.5
444,Kota,IN,2021-03-11 10:24:42,25.1833,75.8333,98.17,98.17,98.17,Clear,clear sky,9,0,3.71
445,Westport,US,2021-03-11 10:24:42,41.1415,-73.3579,40.59,39.0,42.01,Fog,fog,93,90,3.44
446,Husavik,IS,2021-03-11 10:24:43,66.0449,-17.3389,33.8,33.8,33.8,Rain,light rain,93,90,23.02
447,Yinchuan,CN,2021-03-11 10:24:43,38.4681,106.2731,62.42,62.42,62.42,Clear,clear sky,26,0,3.33
448,Thunder Bay,CA,2021-03-11 10:24:26,48.4001,-89.3168,23.0,23.0,23.0,Snow,snow,93,90,6.91
449,Ceuta,ES,2021-03-11 10:24:44,35.8903,-5.3075,60.8,60.8,60.8,Clear,clear sky,72,0,3.44
450,Tongren,CN,2021-03-11 10:24:44,27.7172,109.1853,61.99,61.99,61.99,Clouds,broken clouds,74,57,5.19
451,Palmer,US,2021-03-11 10:24:44,42.1584,-72.3287,39.99,39.0,43.0,Mist,mist,100,90,3.44
452,Bereda,ES,2021-03-11 10:24:45,43.2686,-7.5406,53.31,52.0,55.0,Rain,light rain,94,100,17.0
453,Malanje,AO,2021-03-11 10:24:45,-9.5402,16.341,73.4,73.4,73.4,Rain,light rain,88,75,6.91
454,Dezhou,CN,2021-03-11 10:24:45,37.4486,116.2925,54.09,54.09,54.09,Clouds,broken clouds,60,75,8.75
455,Longuenesse,FR,2021-03-11 10:24:46,50.734,2.2352,53.31,53.01,54.0,Clouds,scattered clouds,74,35,28.99
456,Marystown,CA,2021-03-11 10:24:46,47.1666,-55.1483,30.83,30.83,30.83,Clouds,broken clouds,84,53,15.35
457,Deputatskiy,RU,2021-03-11 10:24:46,69.3,139.9,-9.06,-9.06,-9.06,Clouds,overcast clouds,95,100,1.48
458,Bastrop,US,2021-03-11 10:24:46,32.7562,-91.8724,64.67,64.0,66.0,Clouds,overcast clouds,88,90,4.61
459,Mackay,AU,2021-03-11 10:24:47,-21.15,149.2,78.35,75.0,80.6,Clouds,scattered clouds,69,40,11.5
460,Kashi,CN,2021-03-11 10:24:47,39.4547,75.9797,57.2,57.2,57.2,Clouds,broken clouds,18,75,2.24
461,Velyka Pysarivka,UA,2021-03-11 10:24:48,50.4259,35.485,23.59,23.59,23.59,Clouds,overcast clouds,65,98,7.83
462,Henderson,US,2021-03-11 10:24:48,36.0397,-114.9819,42.22,39.0,45.0,Clouds,few clouds,49,20,4.61
463,Jatiroto,ID,2021-03-11 10:24:48,-7.8833,111.1167,78.8,78.8,78.8,Rain,moderate rain,89,40,4.61
464,Veraval,IN,2021-03-11 10:24:49,20.9,70.3667,83.55,83.55,83.55,Clear,clear sky,55,0,13.38
465,Lucera,IT,2021-03-11 10:24:49,41.5082,15.3351,51.44,46.99,53.6,Clear,clear sky,40,0,10.36
466,Markova,UA,2021-03-11 10:24:50,48.6758,24.4138,33.4,33.01,33.8,Clouds,broken clouds,80,75,11.18
467,Masvingo,ZW,2021-03-11 10:24:50,-20.0637,30.8277,85.89,85.89,85.89,Clear,clear sky,24,0,8.43
468,Dongsheng,CN,2021-03-11 10:24:50,39.8161,109.9776,51.26,51.26,51.26,Clouds,broken clouds,35,55,13.04
469,Itoman,JP,2021-03-11 10:24:51,26.1247,127.6694,71.42,71.01,71.6,Clouds,few clouds,68,20,10.36
470,Batemans Bay,AU,2021-03-11 10:24:51,-35.7167,150.1833,66.04,57.0,73.0,Rain,moderate rain,82,100,8.01
471,Vagur,FO,2021-03-11 10:24:51,61.4732,-6.8119,42.19,42.19,42.19,Clouds,broken clouds,73,60,17.13
472,Coihaique,CL,2021-03-11 10:24:14,-45.5752,-72.0662,47.84,47.84,47.84,Rain,light rain,97,100,9.53
473,Wanning,CN,2021-03-11 10:24:52,18.8003,110.3967,75.76,75.76,75.76,Clouds,few clouds,84,20,8.21
474,Tutoia,BR,2021-03-11 10:24:52,-2.7619,-42.2744,76.96,76.96,76.96,Clouds,overcast clouds,89,99,6.58
475,Statesboro,US,2021-03-11 10:24:52,32.4488,-81.7832,43.84,42.8,44.6,Clear,clear sky,93,1,3.96
476,Cabadiangan,PH,2021-03-11 10:24:53,9.7531,122.4739,76.33,76.33,76.33,Clouds,overcast clouds,93,100,10.89
477,Asau,RO,2021-03-11 10:24:53,46.4333,26.4,35.01,35.01,35.01,Clouds,broken clouds,39,63,4.18
478,Saint Simons,US,2021-03-11 10:24:54,31.1352,-81.3901,50.04,46.4,51.8,Clear,clear sky,100,1,1.19
479,Comodoro Rivadavia,AR,2021-03-11 10:23:13,-45.8667,-67.5,57.2,57.2,57.2,Clouds,few clouds,38,24,28.77
480,Semey,KZ,2021-03-11 10:24:54,50.4111,80.2275,28.4,28.4,28.4,Clear,clear sky,74,0,17.9
481,Xochihuehuetlan,MX,2021-03-11 10:24:54,17.9167,-98.4333,62.83,62.83,62.83,Clear,clear sky,72,0,2.39
482,Puerto Baquerizo Moreno,EC,2021-03-11 10:22:35,-0.9,-89.6,77.76,77.76,77.76,Clouds,overcast clouds,77,99,2.21
483,Sinazongwe,ZM,2021-03-11 10:24:55,-17.2614,27.4618,80.78,80.78,80.78,Clouds,overcast clouds,66,89,4.36
484,Tomatlan,MX,2021-03-11 10:24:55,19.9333,-105.25,64.11,64.11,64.11,Clear,clear sky,92,2,2.89
485,Bucak,TR,2021-03-11 10:24:55,37.4592,30.595,58.3,55.4,64.4,Rain,light rain,50,75,11.5
486,Ryotsu,JP,2021-03-11 10:24:56,38.0833,138.4333,44.6,44.6,44.6,Clear,clear sky,76,0,4.61
487,Zhanaozen,KZ,2021-03-11 10:24:56,43.3,52.8,33.58,33.58,33.58,Clouds,overcast clouds,40,100,17.56
488,Gigmoto,PH,2021-03-11 10:24:56,13.7796,124.39,78.82,78.82,78.82,Rain,light rain,85,92,16.91
489,Santa Maria,BR,2021-03-11 10:24:57,-29.6842,-53.8069,59.0,59.0,59.0,Fog,fog,100,0,2.3
490,Deep River,CA,2021-03-11 10:24:57,46.1001,-77.4995,44.6,44.6,44.6,Clouds,overcast clouds,57,90,8.05
491,North Bend,US,2021-03-11 10:24:57,43.4065,-124.2243,40.12,39.0,41.0,Clouds,overcast clouds,93,90,3.44
492,Saint-Augustin,CA,2021-03-11 10:24:58,51.226,-58.6502,30.63,30.63,30.63,Snow,light snow,91,100,18.16
493,Kudahuvadhoo,MV,2021-03-11 10:24:27,2.6708,72.8944,81.88,81.88,81.88,Clouds,broken clouds,74,56,11.59
494,Huarmey,PE,2021-03-11 10:24:58,-10.0681,-78.1522,73.06,73.06,73.06,Clouds,broken clouds,77,70,6.04
495,Dokka,NO,2021-03-11 10:24:58,60.84,10.0618,30.81,27.0,34.0,Clouds,overcast clouds,96,100,12.62
496,Kungurtug,RU,2021-03-11 10:24:59,50.5994,97.5228,35.78,35.78,35.78,Clear,clear sky,73,1,2.13
497,Great Falls,US,2021-03-11 10:24:59,47.5002,-111.3008,23.22,23.0,24.01,Mist,mist,93,90,2.86
498,Haines Junction,CA,2021-03-11 10:25:00,60.7522,-137.5108,23.0,23.0,23.0,Clouds,overcast clouds,86,95,1.14
499,Akyab,MM,2021-03-11 10:25:00,20.15,92.9,82.94,82.94,82.94,Clear,clear sky,60,0,17.76
500,Northam,GB,2021-03-11 10:25:00,51.0333,-4.2167,47.64,46.99,48.99,Clouds,overcast clouds,82,100,18.01
501,Kraksaan,ID,2021-03-11 10:25:01,-7.7585,113.3962,78.55,78.55,78.55,Clouds,overcast clouds,85,99,3.2
502,Melendugno,IT,2021-03-11 10:25:01,40.2747,18.3368,51.91,51.8,52.0,Clouds,scattered clouds,54,40,17.27
503,Sao Joao Da Barra,BR,2021-03-11 10:22:29,-21.6403,-41.0511,77.0,77.0,77.0,Clear,clear sky,94,0,6.04
504,Pokrovsk,UA,2021-03-11 10:25:03,48.282,37.1758,25.36,25.36,25.36,Clouds,few clouds,49,14,14.9
505,Manzanillo,CU,2021-03-11 10:25:03,20.3433,-77.1167,69.82,69.82,69.82,Clouds,few clouds,84,15,14.38
506,Talara,PE,2021-03-11 10:25:03,-4.5772,-81.2719,76.14,76.14,76.14,Clouds,scattered clouds,74,43,7.29
507,Padang,ID,2021-03-11 10:25:04,-0.9492,100.3543,86.0,86.0,86.0,Clouds,scattered clouds,70,40,4.61
508,Piacabucu,BR,2021-03-11 10:25:04,-10.4056,-36.4344,80.02,80.02,80.02,Clouds,scattered clouds,75,33,10.09
509,Jieshi,CN,2021-03-11 10:25:05,22.8134,115.8257,75.0,75.0,75.0,Clear,clear sky,72,4,12.15
510,Luanda,AO,2021-03-11 10:21:08,-8.8368,13.2343,86.0,86.0,86.0,Clouds,broken clouds,70,75,6.91
511,Carbonia,IT,2021-03-11 10:25:05,39.1672,8.5222,59.34,59.0,60.01,Clouds,few clouds,58,20,4.61
512,Sao Felix Do Xingu,BR,2021-03-11 10:25:05,-6.6447,-51.995,70.27,70.27,70.27,Clouds,broken clouds,99,73,1.01
513,Mayo,US,2021-03-11 10:25:06,38.8876,-76.5119,49.3,46.0,54.0,Clear,clear sky,81,1,5.75
514,Wau,SS,2021-03-11 10:22:07,7.7029,27.9953,107.56,107.56,107.56,Clouds,scattered clouds,14,34,5.46
515,Tual,ID,2021-03-11 10:25:06,-5.6667,132.75,83.66,83.66,83.66,Rain,moderate rain,74,70,7.14
516,San Angelo,US,2021-03-11 10:20:59,31.4638,-100.437,64.29,63.0,64.99,Clear,clear sky,77,1,24.16
517,Rincon,US,2021-03-11 10:25:07,32.296,-81.2354,48.47,48.2,48.99,Clear,clear sky,87,1,1.19
518,Tukrah,LY,2021-03-11 10:25:07,32.5341,20.5791,63.48,63.48,63.48,Clouds,broken clouds,64,68,17.2
519,Ngunguru,NZ,2021-03-11 10:25:07,-35.6167,174.5,64.0,64.0,64.0,Clear,clear sky,84,6,4.0
520,Nome,US,2021-03-11 10:25:08,64.5011,-165.4064,-26.46,-27.0,-25.6,Clear,clear sky,83,1,2.95
521,Qunduz,AF,2021-03-11 10:25:08,36.729,68.857,56.07,56.07,56.07,Rain,light rain,66,100,5.19
522,Vagay,RU,2021-03-11 10:25:08,57.9375,69.0217,15.78,15.78,15.78,Snow,light snow,93,100,5.44
523,Opuwo,NA,2021-03-11 10:25:09,-18.0607,13.84,89.85,89.85,89.85,Clouds,broken clouds,26,69,10.33
524,Barkhan,PK,2021-03-11 10:25:09,29.8977,69.5256,79.86,79.86,79.86,Clear,clear sky,13,0,17.81
525,Ulladulla,AU,2021-03-11 10:23:43,-35.35,150.4667,67.84,62.01,72.0,Rain,light rain,83,100,5.75
526,Luderitz,NA,2021-03-11 10:23:22,-26.6481,15.1594,76.91,76.91,76.91,Clear,clear sky,56,0,15.26
527,Ostrovnoy,RU,2021-03-11 10:25:10,68.0531,39.5131,9.73,9.73,9.73,Clouds,broken clouds,74,54,25.14
528,Vysokogornyy,RU,2021-03-11 10:25:10,50.1167,139.15,12.47,12.47,12.47,Clouds,scattered clouds,96,29,3.31
529,Inuvik,CA,2021-03-11 10:25:10,68.3499,-133.7218,11.28,10.4,12.2,Clouds,overcast clouds,92,100,6.91
530,Nyurba,RU,2021-03-11 10:25:11,63.2842,118.3319,9.41,9.41,9.41,Clouds,overcast clouds,93,100,5.28
531,Moshenskoye,RU,2021-03-11 10:20:15,58.5102,34.5911,16.75,16.75,16.75,Clear,clear sky,69,0,6.85
532,Luganville,VU,2021-03-11 10:25:11,-15.5333,167.1667,79.39,79.39,79.39,Clouds,broken clouds,82,70,8.84
533,Eyl,SO,2021-03-11 10:25:11,7.9803,49.8164,86.29,86.29,86.29,Clear,clear sky,52,0,18.66
534,Kloulklubed,PW,2021-03-11 10:25:12,7.0419,134.2556,77.0,77.0,77.0,Clouds,broken clouds,94,75,4.61
535,Korla,CN,2021-03-11 10:25:12,41.7597,86.1469,63.81,63.81,63.81,Clouds,broken clouds,21,62,9.84
536,Birjand,IR,2021-03-11 10:25:12,32.8663,59.2211,62.6,62.6,62.6,Clear,clear sky,9,0,13.8
537,Hauterive,FR,2021-03-11 10:25:13,46.0901,3.4459,59.0,59.0,59.0,Clouds,overcast clouds,58,90,13.8
538,Karachi,PK,2021-03-11 10:20:49,24.9056,67.0822,84.2,84.2,84.2,Clear,clear sky,48,0,11.5
539,Puri,IN,2021-03-11 10:25:13,19.8,85.85,89.6,89.6,89.6,Clouds,few clouds,62,20,11.5
540,Menongue,AO,2021-03-11 10:25:14,-14.6585,17.691,82.24,82.24,82.24,Clouds,broken clouds,43,53,6.31
541,Jamui,IN,2021-03-11 10:25:14,24.9167,86.2167,99.95,99.95,99.95,Clouds,few clouds,10,23,8.77
542,Vestmanna,FO,2021-03-11 10:25:15,62.1564,-7.1664,41.0,41.0,41.0,Clouds,broken clouds,93,75,11.5
543,Mizdah,LY,2021-03-11 10:25:15,31.4451,12.9801,58.15,58.15,58.15,Clouds,broken clouds,53,82,6.17
544,Ordzhonikidze,KZ,2021-03-11 10:25:15,52.4411,61.7408,8.62,8.62,8.62,Clouds,overcast clouds,87,100,14.05
545,Talcahuano,CL,2021-03-11 10:25:16,-36.7167,-73.1167,55.4,55.4,55.4,Fog,fog,100,90,5.75
546,Celestun,MX,2021-03-11 10:25:16,20.8667,-90.4,72.0,72.0,72.0,Clear,clear sky,82,0,13.27
547,Kyren,RU,2021-03-11 10:25:16,51.6828,102.1408,38.48,38.48,38.48,Clear,clear sky,65,0,5.64
548,Port Shepstone,ZA,2021-03-11 10:25:17,-30.7414,30.455,79.07,79.07,79.07,Clear,clear sky,76,0,24.16
549,Mangrol,IN,2021-03-11 10:25:17,21.1167,70.1167,83.3,83.3,83.3,Clear,clear sky,54,0,12.55
550,Balkanabat,TM,2021-03-11 10:25:17,39.5108,54.3671,58.86,58.86,58.86,Clouds,overcast clouds,33,100,2.73
551,Inhambane,MZ,2021-03-11 10:21:17,-23.865,35.3833,88.25,87.01,89.6,Clouds,few clouds,51,20,11.5
552,Camana,PE,2021-03-11 10:25:18,-16.6228,-72.7111,70.84,70.84,70.84,Clear,clear sky,90,3,3.76
553,Uyar,RU,2021-03-11 10:25:18,55.81,94.3153,35.55,35.55,35.55,Clouds,overcast clouds,80,100,16.6
554,Whitehorse,CA,2021-03-11 10:21:05,60.7161,-135.0538,26.6,26.6,26.6,Clouds,broken clouds,63,75,16.11
555,Rafai,CF,2021-03-11 10:25:18,4.95,23.9167,103.17,103.17,103.17,Clouds,broken clouds,22,65,3.67
556,Lar,IN,2021-03-11 10:25:19,26.2039,83.9717,98.74,98.74,98.74,Clear,clear sky,11,10,7.29
557,Lobito,AO,2021-03-11 10:25:19,-12.3481,13.5456,81.66,81.66,81.66,Clouds,broken clouds,79,84,5.19
558,Tigil,RU,2021-03-11 10:25:19,57.8,158.6667,19.65,19.65,19.65,Clouds,overcast clouds,79,100,4.74
559,Daru,PG,2021-03-11 10:25:20,-9.0763,143.2092,81.36,81.36,81.36,Clear,clear sky,84,3,12.08
560,Grand Island,US,2021-03-11 10:25:20,40.925,-98.342,30.58,30.0,32.0,Clear,clear sky,80,1,6.91
561,Maceio,BR,2021-03-11 10:24:06,-9.6658,-35.7353,77.0,77.0,77.0,Clouds,few clouds,94,20,2.3
562,Ahipara,NZ,2021-03-11 10:25:21,-35.1667,173.1667,61.93,61.93,61.93,Clouds,scattered clouds,87,34,7.92
563,Zapolyarnyy,RU,2021-03-11 10:25:21,69.4154,30.8136,12.2,12.2,12.2,Snow,snow,73,20,20.71
564,Basco,PH,2021-03-11 10:25:21,20.4487,121.9702,76.23,76.23,76.23,Clouds,broken clouds,76,78,19.62
565,Porbandar,IN,2021-03-11 10:25:22,21.6422,69.6093,83.71,83.71,83.71,Clear,clear sky,46,0,13.04
566,Baft,IR,2021-03-11 10:25:22,29.234,56.6057,59.7,59.7,59.7,Clear,clear sky,15,0,15.12
567,Dicabisagan,PH,2021-03-11 10:25:22,17.0818,122.4157,76.15,76.15,76.15,Clouds,broken clouds,86,61,7.81
568,Hokitika,NZ,2021-03-11 10:25:23,-42.7167,170.9667,57.11,57.11,57.11,Clear,clear sky,89,2,3.31
569,Quatre Cocos,MU,2021-03-11 10:25:23,-20.2078,57.7625,86.0,86.0,86.0,Clouds,scattered clouds,54,40,12.66
570,Pelaya,CO,2021-03-11 10:25:23,8.6882,-73.6645,75.85,75.85,75.85,Clouds,overcast clouds,73,99,3.53
571,Okha,RU,2021-03-11 10:25:24,53.5739,142.9478,13.55,13.55,13.55,Clouds,broken clouds,90,83,16.24
572,Simdega,IN,2021-03-11 10:25:24,22.6167,84.5167,97.34,97.34,97.34,Clouds,scattered clouds,11,46,5.86
573,Adolfo Lopez Mateos,MX,2021-03-11 10:25:24,28.4667,-107.3,46.0,46.0,46.0,Clouds,scattered clouds,46,28,5.01
574,Winnemucca,US,2021-03-11 10:21:31,40.973,-117.7357,28.4,28.4,28.4,Snow,snow,86,90,6.91
575,Musile Di Piave,IT,2021-03-11 10:25:25,45.6169,12.564,52.12,50.0,54.0,Clear,clear sky,71,0,8.05
576,Betare Oya,CM,2021-03-11 10:25:25,5.6,14.0833,95.59,95.59,95.59,Clouds,broken clouds,34,75,3.56
577,Chute-Aux-Outardes,CA,2021-03-11 10:25:26,49.1168,-68.399,35.6,35.6,35.6,Clouds,overcast clouds,80,90,16.11
578,Berlevag,NO,2021-03-11 10:25:26,70.8578,29.0864,10.87,8.6,12.2,Snow,snow,100,78,32.21
579,Tuatapere,NZ,2021-03-11 10:25:26,-46.1333,167.6833,48.99,48.99,48.99,Clear,clear sky,78,0,2.55
580,Sumbe,AO,2021-03-11 10:25:27,-11.2061,13.8437,86.0,86.0,86.0,Clouds,overcast clouds,75,90,5.75
581,Lahat,ID,2021-03-11 10:25:27,-3.8,103.5333,82.11,82.11,82.11,Clouds,scattered clouds,88,48,2.68
582,Ponta Delgada,PT,2021-03-11 10:25:27,37.7333,-25.6667,59.0,59.0,59.0,Drizzle,light intensity drizzle,94,75,14.97
583,Sorland,NO,2021-03-11 10:25:27,67.667,12.6934,35.6,35.6,35.6,Clouds,broken clouds,64,75,24.16
584,Kaeo,NZ,2021-03-11 10:25:28,-35.1,173.7833,64.0,64.0,64.0,Clear,clear sky,84,4,4.0
585,Batesville,US,2021-03-11 10:25:28,35.7698,-91.641,66.07,66.0,66.2,Clouds,overcast clouds,77,90,4.61
586,Kampong Chhnang,KH,2021-03-11 10:25:28,12.1667,104.55,98.04,98.04,98.04,Clouds,scattered clouds,24,31,2.53
587,Krasnoselkup,RU,2021-03-11 10:25:29,65.7,82.4667,-18.04,-18.04,-18.04,Clouds,broken clouds,90,74,6.24
588,Russell,US,2021-03-11 10:25:29,32.3502,-85.1999,45.0,41.0,48.2,Clear,clear sky,93,1,3.8
589,Rio Gallegos,AR,2021-03-11 10:25:30,-51.6226,-69.2181,50.0,50.0,50.0,Clouds,broken clouds,53,75,27.63
590,Ferrol,ES,2021-03-11 10:23:12,43.4832,-8.2369,54.9,53.6,55.99,Clouds,broken clouds,94,75,11.5
591,Darlawn,IN,2021-03-11 10:25:30,24.0167,92.9,87.8,87.8,87.8,Haze,haze,37,0,5.75
592,Mongu,ZM,2021-03-11 10:25:31,-15.2484,23.1274,85.48,85.48,85.48,Clear,clear sky,37,0,7.43
593,Belmonte,BR,2021-03-11 10:25:31,-15.8631,-38.8828,73.4,73.4,73.4,Clouds,few clouds,83,20,4.61
594,Cookeville,US,2021-03-11 10:25:09,36.1628,-85.5016,56.46,51.01,59.0,Clouds,few clouds,55,16,6.91
595,Torzhok,RU,2021-03-11 10:25:31,57.0436,34.9622,14.99,14.99,14.99,Clear,clear sky,67,0,6.62
596,Ayacucho,PE,2021-03-11 10:25:32,-13.1583,-74.2239,51.46,51.46,51.46,Clouds,overcast clouds,92,97,3.33
597,Ukiah,US,2021-03-11 10:25:32,39.1502,-123.2078,36.48,34.0,37.4,Clouds,overcast clouds,93,90,2.3
598,Nagorsk,RU,2021-03-11 10:25:32,59.3172,50.8078,15.66,15.66,15.66,Clouds,overcast clouds,86,100,7.31
599,Camacupa,AO,2021-03-11 10:25:32,-12.0167,17.4833,78.31,78.31,78.31,Clear,clear sky,61,6,3.78
600,Mercedes,AR,2021-03-11 10:25:33,-34.6515,-59.4307,62.65,60.01,64.99,Clouds,overcast clouds,92,100,1.99
601,Teahupoo,PF,2021-03-11 10:25:33,-17.8333,-149.2667,80.29,80.01,80.6,Clouds,broken clouds,78,75,2.3
602,Meulaboh,ID,2021-03-11 10:25:33,4.1363,96.1285,84.74,84.74,84.74,Clouds,scattered clouds,68,45,7.31
603,Bauru,BR,2021-03-11 10:23:23,-22.3147,-49.0606,69.91,69.8,70.0,Clear,clear sky,83,0,5.75
604,Fier,AL,2021-03-11 10:25:34,40.7239,19.5561,50.11,50.11,50.11,Clouds,few clouds,54,21,9.66
605,Oksfjord,NO,2021-03-11 10:25:34,70.2396,22.3479,20.44,19.0,23.0,Clear,clear sky,68,0,18.41
606,Svetlyy,RU,2021-03-11 10:25:34,54.675,20.1347,35.8,35.6,36.0,Clear,clear sky,51,0,17.9
607,Cururupu,BR,2021-03-11 10:25:35,-1.8283,-44.8683,75.72,75.72,75.72,Clouds,broken clouds,92,63,0.11
608,Brae,GB,2021-03-11 10:25:35,60.3964,-1.353,44.6,44.6,44.6,Clouds,scattered clouds,76,40,32.21
609,Ravar,IR,2021-03-11 10:25:35,31.2656,56.8055,68.81,68.81,68.81,Clear,clear sky,15,0,3.04
610,Lovozero,RU,2021-03-11 10:25:36,68.005,35.0117,11.95,11.95,11.95,Clouds,few clouds,73,11,8.08
611,Greenville,US,2021-03-11 10:24:59,35.6127,-77.3663,45.1,42.8,48.2,Clear,clear sky,70,1,4.61
612,Rameswaram,IN,2021-03-11 10:25:36,9.2833,79.3,82.31,82.31,82.31,Clear,clear sky,77,0,16.4
613,Skelleftea,SE,2021-03-11 10:25:37,64.7507,20.9528,19.4,19.4,19.4,Snow,light snow,86,90,9.22
614,Evanston,US,2021-03-11 10:25:37,42.0411,-87.6901,56.93,55.99,57.99,Clouds,overcast clouds,72,90,14.97
615,Hay River,CA,2021-03-11 10:25:37,60.8156,-115.7999,-2.2,-2.2,-2.2,Clouds,broken clouds,78,56,8.05
616,Lusambo,CD,2021-03-11 10:25:38,-4.9667,23.45,94.51,94.51,94.51,Clouds,broken clouds,38,62,5.03
617,Tadine,NC,2021-03-11 10:25:38,-21.55,167.8833,76.42,76.42,76.42,Clouds,scattered clouds,75,26,14.92
618,Chifeng,CN,2021-03-11 10:25:38,42.2683,118.9636,37.65,37.65,37.65,Clouds,broken clouds,65,75,11.14
619,Abay,KZ,2021-03-11 10:24:10,49.6311,72.8539,28.4,28.4,28.4,Snow,snow,86,90,35.79
620,Zuwarah,LY,2021-03-11 10:25:39,32.9312,12.082,59.77,59.77,59.77,Clouds,broken clouds,59,74,12.33
621,Poltavka,RU,2021-03-11 10:21:19,54.3663,71.7632,18.72,18.72,18.72,Clouds,scattered clouds,75,28,17.94
622,Lufilufi,WS,2021-03-11 10:25:39,-13.8745,-171.5986,77.52,77.0,78.01,Rain,moderate rain,94,75,3.44
623,Pandan Niog,PH,2021-03-11 10:25:40,6.2282,120.5631,79.79,79.79,79.79,Rain,moderate rain,85,100,18.37
624,Santa Barbara,US,2021-03-11 10:25:40,34.7333,-120.0343,38.1,35.6,42.01,Clear,clear sky,100,1,2.08
625,Rawah,IQ,2021-03-11 10:25:40,34.4816,41.9093,77.92,77.92,77.92,Clouds,scattered clouds,19,35,14.61
626,Toora-Khem,RU,2021-03-11 10:25:41,52.4675,96.11,35.74,35.74,35.74,Clouds,overcast clouds,94,98,1.83
627,Aksu,CN,2021-03-11 10:25:41,41.1231,80.2644,62.24,62.24,62.24,Clouds,broken clouds,20,81,7.11
628,Barcelona,ES,2021-03-11 10:23:27,41.3888,2.159,59.5,57.99,61.0,Clear,clear sky,72,0,9.22
629,Egersund,NO,2021-03-11 10:25:41,58.4513,5.9997,40.98,39.99,43.0,Rain,light rain,96,100,3.0
630,Tiznit,MA,2021-03-11 10:25:42,29.5833,-9.5,62.64,62.64,62.64,Clear,clear sky,30,0,3.15
631,Forbes,AU,2021-03-11 10:25:42,-33.3833,148.0167,70.0,70.0,70.0,Clouds,overcast clouds,80,99,1.99
632,Bardiyah,LY,2021-03-11 10:25:42,31.7561,25.0865,65.21,65.21,65.21,Clouds,overcast clouds,63,100,18.48
633,Tessalit,ML,2021-03-11 10:25:43,20.1986,1.0114,77.0,77.0,77.0,Clear,clear sky,12,2,7.78
634,Palamos,ES,2021-03-11 10:25:43,41.8484,3.1291,60.58,60.01,61.0,Clouds,broken clouds,22,62,8.43
635,Cuamba,MZ,2021-03-11 10:25:43,-14.8031,36.5372,83.3,83.3,83.3,Clouds,scattered clouds,67,46,3.36
636,Pitimbu,BR,2021-03-11 10:25:44,-7.4706,-34.8086,80.6,80.6,80.6,Clouds,scattered clouds,94,40,6.91
637,Mogadishu,SO,2021-03-11 10:25:44,2.0371,45.3438,86.0,86.0,86.0,Clouds,scattered clouds,62,40,14.97
638,San Nicolas,PH,2021-03-11 10:25:44,18.1725,120.5953,87.8,87.8,87.8,Clouds,few clouds,58,20,2.3
639,Melo,UY,2021-03-11 10:25:45,-32.3667,-54.1833,58.01,58.01,58.01,Clear,clear sky,93,0,0.22
640,Cockburn Town,TC,2021-03-11 10:23:00,21.4612,-71.1419,75.78,75.78,75.78,Clouds,overcast clouds,78,100,24.23
641,Kakching,IN,2021-03-11 10:25:45,24.4833,93.9833,84.2,84.2,84.2,Haze,haze,51,20,10.36
642,Nanortalik,GL,2021-03-11 10:25:46,60.1432,-45.2371,21.76,21.76,21.76,Clouds,overcast clouds,84,100,13.78
643,Shirokiy,RU,2021-03-11 10:25:46,49.758,129.523,19.38,19.38,19.38,Clear,clear sky,93,1,4.74
644,Chisindia,RO,2021-03-11 10:25:46,46.2833,22.1,44.8,44.6,45.0,Clear,clear sky,39,0,11.5
645,Santa Fe,AR,2021-03-11 10:22:18,-31.6333,-60.7,71.51,71.01,72.0,Clouds,broken clouds,80,72,1.99
646,Lagos,NG,2021-03-11 10:24:00,6.5833,3.75,86.0,86.0,86.0,Clouds,scattered clouds,70,40,5.75
647,Harper,LR,2021-03-11 10:25:47,4.375,-7.7169,84.11,84.11,84.11,Clouds,overcast clouds,75,100,8.48
648,Barmer,IN,2021-03-11 10:25:47,25.75,71.3833,94.21,94.21,94.21,Clear,clear sky,12,0,15.19
649,Crotone,IT,2021-03-11 10:25:48,39.0851,17.1178,55.4,55.4,55.4,Clear,clear sky,38,0,16.11
650,Wakkanai,JP,2021-03-11 10:25:48,45.4094,141.6739,33.8,33.8,33.8,Clear,clear sky,69,0,6.91
651,Myre,NO,2021-03-11 10:25:48,69.1036,15.9492,32.04,30.99,33.01,Clear,clear sky,59,0,23.02
652,Helong,CN,2021-03-11 10:25:49,42.5397,128.9972,40.57,40.57,40.57,Clouds,overcast clouds,85,100,3.11
653,Teramo,IT,2021-03-11 10:25:49,42.65,13.6833,52.25,42.01,57.0,Clear,clear sky,37,1,5.01
654,Kantemirovka,RU,2021-03-11 10:25:49,49.7089,39.8592,15.01,15.01,15.01,Clear,clear sky,57,0,9.62
655,Pemangkat,ID,2021-03-11 10:25:50,1.1667,108.9667,80.55,80.55,80.55,Rain,light rain,82,100,9.4
656,Christchurch,NZ,2021-03-11 10:25:50,-43.5333,172.6333,57.38,55.99,57.99,Clouds,overcast clouds,72,90,9.22
657,Rio Grande,BR,2021-03-11 10:25:50,-32.035,-52.0986,62.01,62.01,62.01,Clouds,few clouds,99,24,9.26
658,Ust-Kulom,RU,2021-03-11 10:25:51,61.6864,53.6902,11.75,11.75,11.75,Snow,light snow,91,100,6.78
659,Udachnyy,RU,2021-03-11 10:25:51,66.4167,112.4,-12.33,-12.33,-12.33,Clear,clear sky,88,0,6.91
660,Ulaangom,MN,2021-03-11 10:25:51,49.9811,92.0667,18.23,18.23,18.23,Clouds,overcast clouds,90,100,2.46
661,Akcakoca,TR,2021-03-11 10:25:52,41.0866,31.1162,43.21,43.21,43.21,Clouds,overcast clouds,93,100,18.54
662,Larsnes,NO,2021-03-11 10:25:52,62.2028,5.5773,44.6,44.6,44.6,Clear,clear sky,49,0,19.57
663,Lahaina,US,2021-03-11 10:25:52,20.8783,-156.6825,66.47,64.4,68.0,Clouds,scattered clouds,79,40,6.91
664,Ugoofaaru,MV,2021-03-11 10:25:53,5.6667,73.0,83.44,83.44,83.44,Rain,light rain,64,0,5.01
665,North Platte,US,2021-03-11 10:25:53,41.1239,-100.7654,19.4,19.4,19.4,Clear,clear sky,93,1,3.44
666,Sergeyevka,KZ,2021-03-11 10:25:53,53.88,67.4158,12.47,12.47,12.47,Snow,light snow,89,100,23.71
667,Guadalupe,MX,2021-03-11 10:25:54,25.6833,-100.25,59.59,59.0,60.8,Clear,clear sky,88,1,5.75
668,Nelson,NZ,2021-03-11 10:22:48,-41.2833,173.2833,62.01,62.01,62.01,Clouds,broken clouds,55,66,3.96
669,Pontianak,ID,2021-03-11 10:24:13,-0.0333,109.3333,84.2,84.2,84.2,Clouds,scattered clouds,74,40,12.66
670,Salima,MW,2021-03-11 10:25:54,-13.7804,34.4587,82.62,82.62,82.62,Rain,moderate rain,73,31,4.41
671,Kibre Mengist,ET,2021-03-11 10:24:09,5.8833,38.9833,84.96,84.96,84.96,Clear,clear sky,23,0,8.14
672,Camacha,PT,2021-03-11 10:25:55,33.0833,-16.3333,60.8,60.8,60.8,Clouds,broken clouds,72,75,10.36
673,Richards Bay,ZA,2021-03-11 10:25:55,-28.783,32.0377,83.41,83.41,83.41,Clear,clear sky,71,0,15.88
674,Bubaque,GW,2021-03-11 10:25:55,11.2833,-15.8333,77.49,77.49,77.49,Clouds,overcast clouds,52,85,14.94
675,Mineiros,BR,2021-03-11 10:25:56,-17.5694,-52.5511,66.25,66.25,66.25,Clouds,overcast clouds,94,100,2.44
676,Teguise,ES,2021-03-11 10:25:56,29.0605,-13.564,66.2,66.2,66.2,Clouds,few clouds,72,20,18.41
677,Selma,US,2021-03-11 10:25:56,36.5708,-119.6121,42.64,41.0,44.6,Clouds,overcast clouds,100,90,4.63
678,Izvestkovyy,RU,2021-03-11 10:25:57,48.9833,131.55,19.56,19.56,19.56,Clouds,scattered clouds,92,25,4.27
679,Nichinan,JP,2021-03-11 10:25:57,31.6,131.3667,62.6,62.6,62.6,Clouds,broken clouds,59,75,5.75
680,Jabinyanah,TN,2021-03-11 10:25:57,35.035,10.9081,60.8,60.8,60.8,Clouds,few clouds,55,20,14.97
681,Kodinsk,RU,2021-03-11 10:25:58,58.6881,99.1844,35.28,35.28,35.28,Clouds,overcast clouds,91,100,12.03
682,Trinidad,BO,2021-03-11 10:25:58,-14.8333,-64.9,75.2,75.2,75.2,Clear,clear sky,100,0,3.44
683,Waddan,LY,2021-03-11 10:25:58,29.1614,16.139,70.03,70.03,70.03,Clouds,overcast clouds,44,100,12.19
684,Corinto,GR,2021-03-11 10:25:59,37.9407,22.9573,53.01,53.01,53.01,Clouds,few clouds,53,17,17.0
685,Sibolga,ID,2021-03-11 10:25:59,1.7427,98.7792,84.0,84.0,84.0,Clouds,overcast clouds,74,100,3.83
686,Noshiro,JP,2021-03-11 10:25:59,40.2039,140.0242,37.4,37.4,37.4,Clouds,broken clouds,75,75,4.61
687,Tommot,RU,2021-03-11 10:26:00,58.9564,126.2925,11.39,11.39,11.39,Clouds,overcast clouds,87,97,3.13
688,Chapleau,CA,2021-03-11 10:26:00,47.8405,-83.4034,37.76,37.76,37.76,Rain,light rain,99,100,3.91
689,San Juan,AR,2021-03-11 10:22:07,-31.5375,-68.5364,74.57,74.57,74.57,Clouds,scattered clouds,57,36,22.82
690,Halifax,CA,2021-03-11 10:22:45,44.6453,-63.5724,33.49,32.0,35.6,Clouds,overcast clouds,80,94,12.66
691,Fort-Shevchenko,KZ,2021-03-11 10:26:01,44.5086,50.263,28.22,28.22,28.22,Clouds,overcast clouds,52,100,14.79
692,Sisimiut,GL,2021-03-11 10:26:01,66.9395,-53.6735,16.0,16.0,16.0,Clouds,overcast clouds,90,100,5.55
693,Elko,US,2021-03-11 10:26:01,41.0002,-115.5012,29.12,28.0,30.0,Snow,light snow,83,100,0.27
694,Oktyabrskoye,RU,2021-03-11 10:26:02,43.0645,44.7417,24.8,24.8,24.8,Snow,light snow,93,90,15.66
695,Mount Isa,AU,2021-03-11 10:26:02,-20.7333,139.5,80.6,80.6,80.6,Clouds,broken clouds,74,70,4.99
696,Atkarsk,RU,2021-03-11 10:26:02,51.8718,45.0078,4.14,4.14,4.14,Clear,clear sky,88,0,8.63
697,Mwaya,TZ,2021-03-11 10:26:03,-9.55,33.95,82.94,82.94,82.94,Clouds,overcast clouds,63,89,6.08
698,Pavilosta,LV,2021-03-11 10:26:03,56.8879,21.1859,33.8,33.8,33.8,Clouds,few clouds,55,20,13.8
699,Aguada De Pasajeros,CU,2021-03-11 10:26:03,22.385,-80.8508,66.2,66.2,66.2,Rain,moderate rain,88,0,6.91
700,Marsa Matruh,EG,2021-03-11 10:26:04,31.3525,27.2453,66.2,66.2,66.2,Clouds,broken clouds,63,75,18.41
701,Half Moon Bay,US,2021-03-11 10:26:04,37.4636,-122.4286,41.95,39.99,44.6,Clouds,scattered clouds,87,40,5.75
702,Poyarkovo,RU,2021-03-11 10:26:04,49.6,128.6833,21.18,21.18,21.18,Clouds,few clouds,91,16,1.72
703,Kamaishi,JP,2021-03-11 10:26:05,39.2667,141.8833,39.2,39.2,39.2,Clear,clear sky,52,0,1.14
